INFO:     Will watch for changes in these directories: ['C:\\Users\\Tanishk\\Documents\\Contract_Intelligence_platform\\contact-intelligence-platform\\backend']
INFO:     Uvicorn running on http://127.0.0.1:8000 (Press CTRL+C to quit)
INFO:     Started reloader process [51992] using WatchFiles
INFO:     Started server process [6480]
INFO:     Waiting for application startup.
INFO:     Application startup complete.
ERROR:    Exception in ASGI application
  + Exception Group Traceback (most recent call last):
  |   File "C:\Users\Tanishk\Documents\Contract_Intelligence_platform\contact-intelligence-platform\backend\.venv\Lib\site-packages\starlette\_utils.py", line 81, in collapse_excgroups
  |     yield
  |   File "C:\Users\Tanishk\Documents\Contract_Intelligence_platform\contact-intelligence-platform\backend\.venv\Lib\site-packages\starlette\middleware\base.py", line 192, in __call__
  |     async with anyio.create_task_group() as task_group:
  |   File "C:\Users\Tanishk\Documents\Contract_Intelligence_platform\contact-intelligence-platform\backend\.venv\Lib\site-packages\anyio\_backends\_asyncio.py", line 799, in __aexit__
  |     raise BaseExceptionGroup(
  | ExceptionGroup: unhandled errors in a TaskGroup (1 sub-exception)
  +-+---------------- 1 ----------------
    | Traceback (most recent call last):
    |   File "C:\Users\Tanishk\Documents\Contract_Intelligence_platform\contact-intelligence-platform\backend\.venv\Lib\site-packages\uvicorn\protocols\http\httptools_impl.py", line 421, in run_asgi
    |     result = await app(  # type: ignore[func-returns-value]
    |              ^^^^^^^^^^^^^^^^^^^^^^^^^^^^^^^^^^^^^^^^^^^^^^
    |   File "C:\Users\Tanishk\Documents\Contract_Intelligence_platform\contact-intelligence-platform\backend\.venv\Lib\site-packages\uvicorn\middleware\proxy_headers.py", line 56, in __call__
    |     return await self.app(scope, receive, send)
    |            ^^^^^^^^^^^^^^^^^^^^^^^^^^^^^^^^^^^^
    |   File "C:\Users\Tanishk\Documents\Contract_Intelligence_platform\contact-intelligence-platform\backend\.venv\Lib\site-packages\fastapi\applications.py", line 1159, in __call__
    |     await super().__call__(scope, receive, send)
    |   File "C:\Users\Tanishk\Documents\Contract_Intelligence_platform\contact-intelligence-platform\backend\.venv\Lib\site-packages\starlette\applications.py", line 90, in __call__
    |     await self.middleware_stack(scope, receive, send)
    |   File "C:\Users\Tanishk\Documents\Contract_Intelligence_platform\contact-intelligence-platform\backend\.venv\Lib\site-packages\starlette\middleware\errors.py", line 186, in __call__
    |     raise exc
    |   File "C:\Users\Tanishk\Documents\Contract_Intelligence_platform\contact-intelligence-platform\backend\.venv\Lib\site-packages\starlette\middleware\errors.py", line 164, in __call__
    |     await self.app(scope, receive, _send)
    |   File "C:\Users\Tanishk\Documents\Contract_Intelligence_platform\contact-intelligence-platform\backend\.venv\Lib\site-packages\starlette\middleware\base.py", line 191, in __call__
    |     with recv_stream, send_stream, collapse_excgroups():
    |   File "C:\Users\Tanishk\AppData\Local\Programs\Python\Python311\Lib\contextlib.py", line 158, in __exit__
    |     self.gen.throw(typ, value, traceback)
    |   File "C:\Users\Tanishk\Documents\Contract_Intelligence_platform\contact-intelligence-platform\backend\.venv\Lib\site-packages\starlette\_utils.py", line 87, in collapse_excgroups
    |     raise exc
    |   File "C:\Users\Tanishk\Documents\Contract_Intelligence_platform\contact-intelligence-platform\backend\.venv\Lib\site-packages\starlette\middleware\base.py", line 193, in __call__
    |     response = await self.dispatch_func(request, call_next)
    |                ^^^^^^^^^^^^^^^^^^^^^^^^^^^^^^^^^^^^^^^^^^^^
    |   File "C:\Users\Tanishk\Documents\Contract_Intelligence_platform\contact-intelligence-platform\backend\app\middleware\tenant.py", line 42, in dispatch
    |     return await call_next(request)
    |            ^^^^^^^^^^^^^^^^^^^^^^^^
    |   File "C:\Users\Tanishk\Documents\Contract_Intelligence_platform\contact-intelligence-platform\backend\.venv\Lib\site-packages\starlette\middleware\base.py", line 168, in call_next
    |     raise app_exc from app_exc.__cause__ or app_exc.__context__
    |   File "C:\Users\Tanishk\Documents\Contract_Intelligence_platform\contact-intelligence-platform\backend\.venv\Lib\site-packages\starlette\middleware\base.py", line 144, in coro
    |     await self.app(scope, receive_or_disconnect, send_no_error)
    |   File "C:\Users\Tanishk\Documents\Contract_Intelligence_platform\contact-intelligence-platform\backend\.venv\Lib\site-packages\starlette\middleware\base.py", line 191, in __call__
    |     with recv_stream, send_stream, collapse_excgroups():
    |   File "C:\Users\Tanishk\AppData\Local\Programs\Python\Python311\Lib\contextlib.py", line 158, in __exit__
    |     self.gen.throw(typ, value, traceback)
    |   File "C:\Users\Tanishk\Documents\Contract_Intelligence_platform\contact-intelligence-platform\backend\.venv\Lib\site-packages\starlette\_utils.py", line 87, in collapse_excgroups
    |     raise exc
    |   File "C:\Users\Tanishk\Documents\Contract_Intelligence_platform\contact-intelligence-platform\backend\.venv\Lib\site-packages\starlette\middleware\base.py", line 193, in __call__
    |     response = await self.dispatch_func(request, call_next)
    |                ^^^^^^^^^^^^^^^^^^^^^^^^^^^^^^^^^^^^^^^^^^^^
    |   File "C:\Users\Tanishk\Documents\Contract_Intelligence_platform\contact-intelligence-platform\backend\app\middleware\quota.py", line 27, in dispatch
    |     return await call_next(request)
    |            ^^^^^^^^^^^^^^^^^^^^^^^^
    |   File "C:\Users\Tanishk\Documents\Contract_Intelligence_platform\contact-intelligence-platform\backend\.venv\Lib\site-packages\starlette\middleware\base.py", line 168, in call_next
    |     raise app_exc from app_exc.__cause__ or app_exc.__context__
    |   File "C:\Users\Tanishk\Documents\Contract_Intelligence_platform\contact-intelligence-platform\backend\.venv\Lib\site-packages\starlette\middleware\base.py", line 144, in coro
    |     await self.app(scope, receive_or_disconnect, send_no_error)
    |   File "C:\Users\Tanishk\Documents\Contract_Intelligence_platform\contact-intelligence-platform\backend\.venv\Lib\site-packages\starlette\middleware\base.py", line 191, in __call__
    |     with recv_stream, send_stream, collapse_excgroups():
    |   File "C:\Users\Tanishk\AppData\Local\Programs\Python\Python311\Lib\contextlib.py", line 158, in __exit__
    |     self.gen.throw(typ, value, traceback)
    |   File "C:\Users\Tanishk\Documents\Contract_Intelligence_platform\contact-intelligence-platform\backend\.venv\Lib\site-packages\starlette\_utils.py", line 87, in collapse_excgroups
    |     raise exc
    |   File "C:\Users\Tanishk\Documents\Contract_Intelligence_platform\contact-intelligence-platform\backend\.venv\Lib\site-packages\starlette\middleware\base.py", line 193, in __call__
    |     response = await self.dispatch_func(request, call_next)
    |                ^^^^^^^^^^^^^^^^^^^^^^^^^^^^^^^^^^^^^^^^^^^^
    |   File "C:\Users\Tanishk\Documents\Contract_Intelligence_platform\contact-intelligence-platform\backend\app\middleware\audit.py", line 17, in dispatch
    |     response = await call_next(request)
    |                ^^^^^^^^^^^^^^^^^^^^^^^^
    |   File "C:\Users\Tanishk\Documents\Contract_Intelligence_platform\contact-intelligence-platform\backend\.venv\Lib\site-packages\starlette\middleware\base.py", line 168, in call_next
    |     raise app_exc from app_exc.__cause__ or app_exc.__context__
    |   File "C:\Users\Tanishk\Documents\Contract_Intelligence_platform\contact-intelligence-platform\backend\.venv\Lib\site-packages\starlette\middleware\base.py", line 144, in coro
    |     await self.app(scope, receive_or_disconnect, send_no_error)
    |   File "C:\Users\Tanishk\Documents\Contract_Intelligence_platform\contact-intelligence-platform\backend\.venv\Lib\site-packages\starlette\middleware\cors.py", line 88, in __call__
    |     await self.app(scope, receive, send)
    |   File "C:\Users\Tanishk\Documents\Contract_Intelligence_platform\contact-intelligence-platform\backend\.venv\Lib\site-packages\starlette\middleware\exceptions.py", line 63, in __call__
    |     await wrap_app_handling_exceptions(self.app, conn)(scope, receive, send)
    |   File "C:\Users\Tanishk\Documents\Contract_Intelligence_platform\contact-intelligence-platform\backend\.venv\Lib\site-packages\starlette\_exception_handler.py", line 53, in wrapped_app
    |     raise exc
    |   File "C:\Users\Tanishk\Documents\Contract_Intelligence_platform\contact-intelligence-platform\backend\.venv\Lib\site-packages\starlette\_exception_handler.py", line 42, in wrapped_app
    |     await app(scope, receive, sender)
    |   File "C:\Users\Tanishk\Documents\Contract_Intelligence_platform\contact-intelligence-platform\backend\.venv\Lib\site-packages\fastapi\middleware\asyncexitstack.py", line 18, in __call__
    |     await self.app(scope, receive, send)
    |   File "C:\Users\Tanishk\Documents\Contract_Intelligence_platform\contact-intelligence-platform\backend\.venv\Lib\site-packages\starlette\routing.py", line 660, in __call__
    |     await self.middleware_stack(scope, receive, send)
    |   File "C:\Users\Tanishk\Documents\Contract_Intelligence_platform\contact-intelligence-platform\backend\.venv\Lib\site-packages\starlette\routing.py", line 680, in app
    |     await route.handle(scope, receive, send)
    |   File "C:\Users\Tanishk\Documents\Contract_Intelligence_platform\contact-intelligence-platform\backend\.venv\Lib\site-packages\starlette\routing.py", line 276, in handle
    |     await self.app(scope, receive, send)
    |   File "C:\Users\Tanishk\Documents\Contract_Intelligence_platform\contact-intelligence-platform\backend\.venv\Lib\site-packages\fastapi\routing.py", line 134, in app
    |     await wrap_app_handling_exceptions(app, request)(scope, receive, send)
    |   File "C:\Users\Tanishk\Documents\Contract_Intelligence_platform\contact-intelligence-platform\backend\.venv\Lib\site-packages\starlette\_exception_handler.py", line 53, in wrapped_app
    |     raise exc
    |   File "C:\Users\Tanishk\Documents\Contract_Intelligence_platform\contact-intelligence-platform\backend\.venv\Lib\site-packages\starlette\_exception_handler.py", line 42, in wrapped_app
    |     await app(scope, receive, sender)
    |   File "C:\Users\Tanishk\Documents\Contract_Intelligence_platform\contact-intelligence-platform\backend\.venv\Lib\site-packages\fastapi\routing.py", line 120, in app
    |     response = await f(request)
    |                ^^^^^^^^^^^^^^^^
    |   File "C:\Users\Tanishk\Documents\Contract_Intelligence_platform\contact-intelligence-platform\backend\.venv\Lib\site-packages\fastapi\routing.py", line 674, in app
    |     raw_response = await run_endpoint_function(
    |                    ^^^^^^^^^^^^^^^^^^^^^^^^^^^^
    |   File "C:\Users\Tanishk\Documents\Contract_Intelligence_platform\contact-intelligence-platform\backend\.venv\Lib\site-packages\fastapi\routing.py", line 328, in run_endpoint_function
    |     return await dependant.call(**values)
    |            ^^^^^^^^^^^^^^^^^^^^^^^^^^^^^^
    |   File "C:\Users\Tanishk\Documents\Contract_Intelligence_platform\contact-intelligence-platform\backend\app\api\v1\endpoints\projects.py", line 32, in list_projects
    |     svc = ProjectService(session, uuid.UUID(tenant_id), uuid.UUID(user_id))
    |                                   ^^^^^^^^^^^^^^^^^^^^
    |   File "C:\Users\Tanishk\AppData\Local\Programs\Python\Python311\Lib\uuid.py", line 178, in __init__
    |     raise ValueError('badly formed hexadecimal UUID string')
    | ValueError: badly formed hexadecimal UUID string
    +------------------------------------

The above exception was the direct cause of the following exception:

Traceback (most recent call last):
  File "C:\Users\Tanishk\Documents\Contract_Intelligence_platform\contact-intelligence-platform\backend\.venv\Lib\site-packages\uvicorn\protocols\http\httptools_impl.py", line 421, in run_asgi
    result = await app(  # type: ignore[func-returns-value]
             ^^^^^^^^^^^^^^^^^^^^^^^^^^^^^^^^^^^^^^^^^^^^^^
  File "C:\Users\Tanishk\Documents\Contract_Intelligence_platform\contact-intelligence-platform\backend\.venv\Lib\site-packages\uvicorn\middleware\proxy_headers.py", line 56, in __call__
    return await self.app(scope, receive, send)
           ^^^^^^^^^^^^^^^^^^^^^^^^^^^^^^^^^^^^
  File "C:\Users\Tanishk\Documents\Contract_Intelligence_platform\contact-intelligence-platform\backend\.venv\Lib\site-packages\fastapi\applications.py", line 1159, in __call__
    await super().__call__(scope, receive, send)
  File "C:\Users\Tanishk\Documents\Contract_Intelligence_platform\contact-intelligence-platform\backend\.venv\Lib\site-packages\starlette\applications.py", line 90, in __call__
    await self.middleware_stack(scope, receive, send)
  File "C:\Users\Tanishk\Documents\Contract_Intelligence_platform\contact-intelligence-platform\backend\.venv\Lib\site-packages\starlette\middleware\errors.py", line 186, in __call__
    raise exc
  File "C:\Users\Tanishk\Documents\Contract_Intelligence_platform\contact-intelligence-platform\backend\.venv\Lib\site-packages\starlette\middleware\errors.py", line 164, in __call__
    await self.app(scope, receive, _send)
  File "C:\Users\Tanishk\Documents\Contract_Intelligence_platform\contact-intelligence-platform\backend\.venv\Lib\site-packages\starlette\middleware\base.py", line 191, in __call__
    with recv_stream, send_stream, collapse_excgroups():
  File "C:\Users\Tanishk\AppData\Local\Programs\Python\Python311\Lib\contextlib.py", line 158, in __exit__
    self.gen.throw(typ, value, traceback)
  File "C:\Users\Tanishk\Documents\Contract_Intelligence_platform\contact-intelligence-platform\backend\.venv\Lib\site-packages\starlette\_utils.py", line 87, in collapse_excgroups
    raise exc
  File "C:\Users\Tanishk\Documents\Contract_Intelligence_platform\contact-intelligence-platform\backend\.venv\Lib\site-packages\starlette\middleware\base.py", line 193, in __call__
    response = await self.dispatch_func(request, call_next)
               ^^^^^^^^^^^^^^^^^^^^^^^^^^^^^^^^^^^^^^^^^^^^
  File "C:\Users\Tanishk\Documents\Contract_Intelligence_platform\contact-intelligence-platform\backend\app\middleware\tenant.py", line 42, in dispatch
    return await call_next(request)
           ^^^^^^^^^^^^^^^^^^^^^^^^
  File "C:\Users\Tanishk\Documents\Contract_Intelligence_platform\contact-intelligence-platform\backend\.venv\Lib\site-packages\starlette\middleware\base.py", line 168, in call_next
    raise app_exc from app_exc.__cause__ or app_exc.__context__
  File "C:\Users\Tanishk\Documents\Contract_Intelligence_platform\contact-intelligence-platform\backend\.venv\Lib\site-packages\starlette\middleware\base.py", line 144, in coro
    await self.app(scope, receive_or_disconnect, send_no_error)
  File "C:\Users\Tanishk\Documents\Contract_Intelligence_platform\contact-intelligence-platform\backend\.venv\Lib\site-packages\starlette\middleware\base.py", line 191, in __call__
    with recv_stream, send_stream, collapse_excgroups():
  File "C:\Users\Tanishk\AppData\Local\Programs\Python\Python311\Lib\contextlib.py", line 158, in __exit__
    self.gen.throw(typ, value, traceback)
  File "C:\Users\Tanishk\Documents\Contract_Intelligence_platform\contact-intelligence-platform\backend\.venv\Lib\site-packages\starlette\_utils.py", line 87, in collapse_excgroups
    raise exc
  File "C:\Users\Tanishk\Documents\Contract_Intelligence_platform\contact-intelligence-platform\backend\.venv\Lib\site-packages\starlette\middleware\base.py", line 193, in __call__
    response = await self.dispatch_func(request, call_next)
               ^^^^^^^^^^^^^^^^^^^^^^^^^^^^^^^^^^^^^^^^^^^^
  File "C:\Users\Tanishk\Documents\Contract_Intelligence_platform\contact-intelligence-platform\backend\app\middleware\quota.py", line 27, in dispatch
    return await call_next(request)
           ^^^^^^^^^^^^^^^^^^^^^^^^
  File "C:\Users\Tanishk\Documents\Contract_Intelligence_platform\contact-intelligence-platform\backend\.venv\Lib\site-packages\starlette\middleware\base.py", line 168, in call_next
    raise app_exc from app_exc.__cause__ or app_exc.__context__
  File "C:\Users\Tanishk\Documents\Contract_Intelligence_platform\contact-intelligence-platform\backend\.venv\Lib\site-packages\starlette\middleware\base.py", line 144, in coro
    await self.app(scope, receive_or_disconnect, send_no_error)
  File "C:\Users\Tanishk\Documents\Contract_Intelligence_platform\contact-intelligence-platform\backend\.venv\Lib\site-packages\starlette\middleware\base.py", line 191, in __call__
    with recv_stream, send_stream, collapse_excgroups():
  File "C:\Users\Tanishk\AppData\Local\Programs\Python\Python311\Lib\contextlib.py", line 158, in __exit__
    self.gen.throw(typ, value, traceback)
  File "C:\Users\Tanishk\Documents\Contract_Intelligence_platform\contact-intelligence-platform\backend\.venv\Lib\site-packages\starlette\_utils.py", line 87, in collapse_excgroups
    raise exc
  File "C:\Users\Tanishk\Documents\Contract_Intelligence_platform\contact-intelligence-platform\backend\.venv\Lib\site-packages\starlette\middleware\base.py", line 193, in __call__
    response = await self.dispatch_func(request, call_next)
               ^^^^^^^^^^^^^^^^^^^^^^^^^^^^^^^^^^^^^^^^^^^^
  File "C:\Users\Tanishk\Documents\Contract_Intelligence_platform\contact-intelligence-platform\backend\app\middleware\audit.py", line 17, in dispatch
    response = await call_next(request)
               ^^^^^^^^^^^^^^^^^^^^^^^^
  File "C:\Users\Tanishk\Documents\Contract_Intelligence_platform\contact-intelligence-platform\backend\.venv\Lib\site-packages\starlette\middleware\base.py", line 168, in call_next
    raise app_exc from app_exc.__cause__ or app_exc.__context__
  File "C:\Users\Tanishk\Documents\Contract_Intelligence_platform\contact-intelligence-platform\backend\.venv\Lib\site-packages\starlette\middleware\base.py", line 144, in coro
    await self.app(scope, receive_or_disconnect, send_no_error)
  File "C:\Users\Tanishk\Documents\Contract_Intelligence_platform\contact-intelligence-platform\backend\.venv\Lib\site-packages\starlette\middleware\cors.py", line 88, in __call__
    await self.app(scope, receive, send)
  File "C:\Users\Tanishk\Documents\Contract_Intelligence_platform\contact-intelligence-platform\backend\.venv\Lib\site-packages\starlette\middleware\exceptions.py", line 63, in __call__
    await wrap_app_handling_exceptions(self.app, conn)(scope, receive, send)
  File "C:\Users\Tanishk\Documents\Contract_Intelligence_platform\contact-intelligence-platform\backend\.venv\Lib\site-packages\starlette\_exception_handler.py", line 53, in wrapped_app
    raise exc
  File "C:\Users\Tanishk\Documents\Contract_Intelligence_platform\contact-intelligence-platform\backend\.venv\Lib\site-packages\starlette\_exception_handler.py", line 42, in wrapped_app
    await app(scope, receive, sender)
  File "C:\Users\Tanishk\Documents\Contract_Intelligence_platform\contact-intelligence-platform\backend\.venv\Lib\site-packages\fastapi\middleware\asyncexitstack.py", line 18, in __call__
    await self.app(scope, receive, send)
  File "C:\Users\Tanishk\Documents\Contract_Intelligence_platform\contact-intelligence-platform\backend\.venv\Lib\site-packages\starlette\routing.py", line 660, in __call__
    await self.middleware_stack(scope, receive, send)
  File "C:\Users\Tanishk\Documents\Contract_Intelligence_platform\contact-intelligence-platform\backend\.venv\Lib\site-packages\starlette\routing.py", line 680, in app
    await route.handle(scope, receive, send)
  File "C:\Users\Tanishk\Documents\Contract_Intelligence_platform\contact-intelligence-platform\backend\.venv\Lib\site-packages\starlette\routing.py", line 276, in handle
    await self.app(scope, receive, send)
  File "C:\Users\Tanishk\Documents\Contract_Intelligence_platform\contact-intelligence-platform\backend\.venv\Lib\site-packages\fastapi\routing.py", line 134, in app
    await wrap_app_handling_exceptions(app, request)(scope, receive, send)
  File "C:\Users\Tanishk\Documents\Contract_Intelligence_platform\contact-intelligence-platform\backend\.venv\Lib\site-packages\starlette\_exception_handler.py", line 53, in wrapped_app
    raise exc
  File "C:\Users\Tanishk\Documents\Contract_Intelligence_platform\contact-intelligence-platform\backend\.venv\Lib\site-packages\starlette\_exception_handler.py", line 42, in wrapped_app
    await app(scope, receive, sender)
  File "C:\Users\Tanishk\Documents\Contract_Intelligence_platform\contact-intelligence-platform\backend\.venv\Lib\site-packages\fastapi\routing.py", line 120, in app
    response = await f(request)
               ^^^^^^^^^^^^^^^^
  File "C:\Users\Tanishk\Documents\Contract_Intelligence_platform\contact-intelligence-platform\backend\.venv\Lib\site-packages\fastapi\routing.py", line 674, in app
    raw_response = await run_endpoint_function(
                   ^^^^^^^^^^^^^^^^^^^^^^^^^^^^
  File "C:\Users\Tanishk\Documents\Contract_Intelligence_platform\contact-intelligence-platform\backend\.venv\Lib\site-packages\fastapi\routing.py", line 328, in run_endpoint_function
    return await dependant.call(**values)
           ^^^^^^^^^^^^^^^^^^^^^^^^^^^^^^
  File "C:\Users\Tanishk\Documents\Contract_Intelligence_platform\contact-intelligence-platform\backend\app\api\v1\endpoints\projects.py", line 32, in list_projects
    svc = ProjectService(session, uuid.UUID(tenant_id), uuid.UUID(user_id))
                                  ^^^^^^^^^^^^^^^^^^^^
  File "C:\Users\Tanishk\AppData\Local\Programs\Python\Python311\Lib\uuid.py", line 178, in __init__
    raise ValueError('badly formed hexadecimal UUID string')
ValueError: badly formed hexadecimal UUID string
ERROR:    Exception in ASGI application
  + Exception Group Traceback (most recent call last):
  |   File "C:\Users\Tanishk\Documents\Contract_Intelligence_platform\contact-intelligence-platform\backend\.venv\Lib\site-packages\starlette\_utils.py", line 81, in collapse_excgroups
  |     yield
  |   File "C:\Users\Tanishk\Documents\Contract_Intelligence_platform\contact-intelligence-platform\backend\.venv\Lib\site-packages\starlette\middleware\base.py", line 192, in __call__
  |     async with anyio.create_task_group() as task_group:
  |   File "C:\Users\Tanishk\Documents\Contract_Intelligence_platform\contact-intelligence-platform\backend\.venv\Lib\site-packages\anyio\_backends\_asyncio.py", line 799, in __aexit__
  |     raise BaseExceptionGroup(
  | ExceptionGroup: unhandled errors in a TaskGroup (1 sub-exception)
  +-+---------------- 1 ----------------
    | Traceback (most recent call last):
    |   File "C:\Users\Tanishk\Documents\Contract_Intelligence_platform\contact-intelligence-platform\backend\.venv\Lib\site-packages\uvicorn\protocols\http\httptools_impl.py", line 421, in run_asgi
    |     result = await app(  # type: ignore[func-returns-value]
    |              ^^^^^^^^^^^^^^^^^^^^^^^^^^^^^^^^^^^^^^^^^^^^^^
    |   File "C:\Users\Tanishk\Documents\Contract_Intelligence_platform\contact-intelligence-platform\backend\.venv\Lib\site-packages\uvicorn\middleware\proxy_headers.py", line 56, in __call__
    |     return await self.app(scope, receive, send)
    |            ^^^^^^^^^^^^^^^^^^^^^^^^^^^^^^^^^^^^
    |   File "C:\Users\Tanishk\Documents\Contract_Intelligence_platform\contact-intelligence-platform\backend\.venv\Lib\site-packages\fastapi\applications.py", line 1159, in __call__
    |     await super().__call__(scope, receive, send)
    |   File "C:\Users\Tanishk\Documents\Contract_Intelligence_platform\contact-intelligence-platform\backend\.venv\Lib\site-packages\starlette\applications.py", line 90, in __call__
    |     await self.middleware_stack(scope, receive, send)
    |   File "C:\Users\Tanishk\Documents\Contract_Intelligence_platform\contact-intelligence-platform\backend\.venv\Lib\site-packages\starlette\middleware\errors.py", line 186, in __call__
    |     raise exc
    |   File "C:\Users\Tanishk\Documents\Contract_Intelligence_platform\contact-intelligence-platform\backend\.venv\Lib\site-packages\starlette\middleware\errors.py", line 164, in __call__
    |     await self.app(scope, receive, _send)
    |   File "C:\Users\Tanishk\Documents\Contract_Intelligence_platform\contact-intelligence-platform\backend\.venv\Lib\site-packages\starlette\middleware\base.py", line 191, in __call__
    |     with recv_stream, send_stream, collapse_excgroups():
    |   File "C:\Users\Tanishk\AppData\Local\Programs\Python\Python311\Lib\contextlib.py", line 158, in __exit__
    |     self.gen.throw(typ, value, traceback)
    |   File "C:\Users\Tanishk\Documents\Contract_Intelligence_platform\contact-intelligence-platform\backend\.venv\Lib\site-packages\starlette\_utils.py", line 87, in collapse_excgroups
    |     raise exc
    |   File "C:\Users\Tanishk\Documents\Contract_Intelligence_platform\contact-intelligence-platform\backend\.venv\Lib\site-packages\starlette\middleware\base.py", line 193, in __call__
    |     response = await self.dispatch_func(request, call_next)
    |                ^^^^^^^^^^^^^^^^^^^^^^^^^^^^^^^^^^^^^^^^^^^^
    |   File "C:\Users\Tanishk\Documents\Contract_Intelligence_platform\contact-intelligence-platform\backend\app\middleware\tenant.py", line 42, in dispatch
    |     return await call_next(request)
    |            ^^^^^^^^^^^^^^^^^^^^^^^^
    |   File "C:\Users\Tanishk\Documents\Contract_Intelligence_platform\contact-intelligence-platform\backend\.venv\Lib\site-packages\starlette\middleware\base.py", line 168, in call_next
    |     raise app_exc from app_exc.__cause__ or app_exc.__context__
    |   File "C:\Users\Tanishk\Documents\Contract_Intelligence_platform\contact-intelligence-platform\backend\.venv\Lib\site-packages\starlette\middleware\base.py", line 144, in coro
    |     await self.app(scope, receive_or_disconnect, send_no_error)
    |   File "C:\Users\Tanishk\Documents\Contract_Intelligence_platform\contact-intelligence-platform\backend\.venv\Lib\site-packages\starlette\middleware\base.py", line 191, in __call__
    |     with recv_stream, send_stream, collapse_excgroups():
    |   File "C:\Users\Tanishk\AppData\Local\Programs\Python\Python311\Lib\contextlib.py", line 158, in __exit__
    |     self.gen.throw(typ, value, traceback)
    |   File "C:\Users\Tanishk\Documents\Contract_Intelligence_platform\contact-intelligence-platform\backend\.venv\Lib\site-packages\starlette\_utils.py", line 87, in collapse_excgroups
    |     raise exc
    |   File "C:\Users\Tanishk\Documents\Contract_Intelligence_platform\contact-intelligence-platform\backend\.venv\Lib\site-packages\starlette\middleware\base.py", line 193, in __call__
    |     response = await self.dispatch_func(request, call_next)
    |                ^^^^^^^^^^^^^^^^^^^^^^^^^^^^^^^^^^^^^^^^^^^^
    |   File "C:\Users\Tanishk\Documents\Contract_Intelligence_platform\contact-intelligence-platform\backend\app\middleware\quota.py", line 27, in dispatch
    |     return await call_next(request)
    |            ^^^^^^^^^^^^^^^^^^^^^^^^
    |   File "C:\Users\Tanishk\Documents\Contract_Intelligence_platform\contact-intelligence-platform\backend\.venv\Lib\site-packages\starlette\middleware\base.py", line 168, in call_next
    |     raise app_exc from app_exc.__cause__ or app_exc.__context__
    |   File "C:\Users\Tanishk\Documents\Contract_Intelligence_platform\contact-intelligence-platform\backend\.venv\Lib\site-packages\starlette\middleware\base.py", line 144, in coro
    |     await self.app(scope, receive_or_disconnect, send_no_error)
    |   File "C:\Users\Tanishk\Documents\Contract_Intelligence_platform\contact-intelligence-platform\backend\.venv\Lib\site-packages\starlette\middleware\base.py", line 191, in __call__
    |     with recv_stream, send_stream, collapse_excgroups():
    |   File "C:\Users\Tanishk\AppData\Local\Programs\Python\Python311\Lib\contextlib.py", line 158, in __exit__
    |     self.gen.throw(typ, value, traceback)
    |   File "C:\Users\Tanishk\Documents\Contract_Intelligence_platform\contact-intelligence-platform\backend\.venv\Lib\site-packages\starlette\_utils.py", line 87, in collapse_excgroups
    |     raise exc
    |   File "C:\Users\Tanishk\Documents\Contract_Intelligence_platform\contact-intelligence-platform\backend\.venv\Lib\site-packages\starlette\middleware\base.py", line 193, in __call__
    |     response = await self.dispatch_func(request, call_next)
    |                ^^^^^^^^^^^^^^^^^^^^^^^^^^^^^^^^^^^^^^^^^^^^
    |   File "C:\Users\Tanishk\Documents\Contract_Intelligence_platform\contact-intelligence-platform\backend\app\middleware\audit.py", line 17, in dispatch
    |     response = await call_next(request)
    |                ^^^^^^^^^^^^^^^^^^^^^^^^
    |   File "C:\Users\Tanishk\Documents\Contract_Intelligence_platform\contact-intelligence-platform\backend\.venv\Lib\site-packages\starlette\middleware\base.py", line 168, in call_next
    |     raise app_exc from app_exc.__cause__ or app_exc.__context__
    |   File "C:\Users\Tanishk\Documents\Contract_Intelligence_platform\contact-intelligence-platform\backend\.venv\Lib\site-packages\starlette\middleware\base.py", line 144, in coro
    |     await self.app(scope, receive_or_disconnect, send_no_error)
    |   File "C:\Users\Tanishk\Documents\Contract_Intelligence_platform\contact-intelligence-platform\backend\.venv\Lib\site-packages\starlette\middleware\cors.py", line 96, in __call__
    |     await self.simple_response(scope, receive, send, request_headers=headers)
    |   File "C:\Users\Tanishk\Documents\Contract_Intelligence_platform\contact-intelligence-platform\backend\.venv\Lib\site-packages\starlette\middleware\cors.py", line 154, in simple_response
    |     await self.app(scope, receive, send)
    |   File "C:\Users\Tanishk\Documents\Contract_Intelligence_platform\contact-intelligence-platform\backend\.venv\Lib\site-packages\starlette\middleware\exceptions.py", line 63, in __call__
    |     await wrap_app_handling_exceptions(self.app, conn)(scope, receive, send)
    |   File "C:\Users\Tanishk\Documents\Contract_Intelligence_platform\contact-intelligence-platform\backend\.venv\Lib\site-packages\starlette\_exception_handler.py", line 53, in wrapped_app
    |     raise exc
    |   File "C:\Users\Tanishk\Documents\Contract_Intelligence_platform\contact-intelligence-platform\backend\.venv\Lib\site-packages\starlette\_exception_handler.py", line 42, in wrapped_app
    |     await app(scope, receive, sender)
    |   File "C:\Users\Tanishk\Documents\Contract_Intelligence_platform\contact-intelligence-platform\backend\.venv\Lib\site-packages\fastapi\middleware\asyncexitstack.py", line 18, in __call__
    |     await self.app(scope, receive, send)
    |   File "C:\Users\Tanishk\Documents\Contract_Intelligence_platform\contact-intelligence-platform\backend\.venv\Lib\site-packages\starlette\routing.py", line 660, in __call__
    |     await self.middleware_stack(scope, receive, send)
    |   File "C:\Users\Tanishk\Documents\Contract_Intelligence_platform\contact-intelligence-platform\backend\.venv\Lib\site-packages\starlette\routing.py", line 680, in app
    |     await route.handle(scope, receive, send)
    |   File "C:\Users\Tanishk\Documents\Contract_Intelligence_platform\contact-intelligence-platform\backend\.venv\Lib\site-packages\starlette\routing.py", line 276, in handle
    |     await self.app(scope, receive, send)
    |   File "C:\Users\Tanishk\Documents\Contract_Intelligence_platform\contact-intelligence-platform\backend\.venv\Lib\site-packages\fastapi\routing.py", line 134, in app
    |     await wrap_app_handling_exceptions(app, request)(scope, receive, send)
    |   File "C:\Users\Tanishk\Documents\Contract_Intelligence_platform\contact-intelligence-platform\backend\.venv\Lib\site-packages\starlette\_exception_handler.py", line 53, in wrapped_app
    |     raise exc
    |   File "C:\Users\Tanishk\Documents\Contract_Intelligence_platform\contact-intelligence-platform\backend\.venv\Lib\site-packages\starlette\_exception_handler.py", line 42, in wrapped_app
    |     await app(scope, receive, sender)
    |   File "C:\Users\Tanishk\Documents\Contract_Intelligence_platform\contact-intelligence-platform\backend\.venv\Lib\site-packages\fastapi\routing.py", line 120, in app
    |     response = await f(request)
    |                ^^^^^^^^^^^^^^^^
    |   File "C:\Users\Tanishk\Documents\Contract_Intelligence_platform\contact-intelligence-platform\backend\.venv\Lib\site-packages\fastapi\routing.py", line 674, in app
    |     raw_response = await run_endpoint_function(
    |                    ^^^^^^^^^^^^^^^^^^^^^^^^^^^^
    |   File "C:\Users\Tanishk\Documents\Contract_Intelligence_platform\contact-intelligence-platform\backend\.venv\Lib\site-packages\fastapi\routing.py", line 328, in run_endpoint_function
    |     return await dependant.call(**values)
    |            ^^^^^^^^^^^^^^^^^^^^^^^^^^^^^^
    |   File "C:\Users\Tanishk\Documents\Contract_Intelligence_platform\contact-intelligence-platform\backend\app\api\v1\endpoints\billing.py", line 56, in create_checkout_session
    |     url = await stripe_client.create_checkout_session(
    |           ^^^^^^^^^^^^^^^^^^^^^^^^^^^^^^^^^^^^^^^^^^^^
    |   File "C:\Users\Tanishk\Documents\Contract_Intelligence_platform\contact-intelligence-platform\backend\app\integrations\stripe_client.py", line 30, in create_checkout_session
    |     session = stripe.checkout.Session.create(
    |               ^^^^^^^^^^^^^^^^^^^^^^^^^^^^^^^
    |   File "C:\Users\Tanishk\Documents\Contract_Intelligence_platform\contact-intelligence-platform\backend\.venv\Lib\site-packages\stripe\checkout\_session.py", line 2573, in create
    |     cls._static_request(
    |   File "C:\Users\Tanishk\Documents\Contract_Intelligence_platform\contact-intelligence-platform\backend\.venv\Lib\site-packages\stripe\_api_resource.py", line 171, in _static_request
    |     return _APIRequestor._global_instance().request(
    |            ^^^^^^^^^^^^^^^^^^^^^^^^^^^^^^^^^^^^^^^^^
    |   File "C:\Users\Tanishk\Documents\Contract_Intelligence_platform\contact-intelligence-platform\backend\.venv\Lib\site-packages\stripe\_api_requestor.py", line 212, in request
    |     resp = requestor._interpret_response(rbody, rcode, rheaders, api_mode)
    |            ^^^^^^^^^^^^^^^^^^^^^^^^^^^^^^^^^^^^^^^^^^^^^^^^^^^^^^^^^^^^^^^
    |   File "C:\Users\Tanishk\Documents\Contract_Intelligence_platform\contact-intelligence-platform\backend\.venv\Lib\site-packages\stripe\_api_requestor.py", line 901, in _interpret_response
    |     self.handle_error_response(
    |   File "C:\Users\Tanishk\Documents\Contract_Intelligence_platform\contact-intelligence-platform\backend\.venv\Lib\site-packages\stripe\_api_requestor.py", line 353, in handle_error_response
    |     raise err
    | stripe._error.AuthenticationError: Invalid API Key provided: sk_test_*******lder
    +------------------------------------

The above exception was the direct cause of the following exception:

Traceback (most recent call last):
  File "C:\Users\Tanishk\Documents\Contract_Intelligence_platform\contact-intelligence-platform\backend\.venv\Lib\site-packages\uvicorn\protocols\http\httptools_impl.py", line 421, in run_asgi
    result = await app(  # type: ignore[func-returns-value]
             ^^^^^^^^^^^^^^^^^^^^^^^^^^^^^^^^^^^^^^^^^^^^^^
  File "C:\Users\Tanishk\Documents\Contract_Intelligence_platform\contact-intelligence-platform\backend\.venv\Lib\site-packages\uvicorn\middleware\proxy_headers.py", line 56, in __call__
    return await self.app(scope, receive, send)
           ^^^^^^^^^^^^^^^^^^^^^^^^^^^^^^^^^^^^
  File "C:\Users\Tanishk\Documents\Contract_Intelligence_platform\contact-intelligence-platform\backend\.venv\Lib\site-packages\fastapi\applications.py", line 1159, in __call__
    await super().__call__(scope, receive, send)
  File "C:\Users\Tanishk\Documents\Contract_Intelligence_platform\contact-intelligence-platform\backend\.venv\Lib\site-packages\starlette\applications.py", line 90, in __call__
    await self.middleware_stack(scope, receive, send)
  File "C:\Users\Tanishk\Documents\Contract_Intelligence_platform\contact-intelligence-platform\backend\.venv\Lib\site-packages\starlette\middleware\errors.py", line 186, in __call__
    raise exc
  File "C:\Users\Tanishk\Documents\Contract_Intelligence_platform\contact-intelligence-platform\backend\.venv\Lib\site-packages\starlette\middleware\errors.py", line 164, in __call__
    await self.app(scope, receive, _send)
  File "C:\Users\Tanishk\Documents\Contract_Intelligence_platform\contact-intelligence-platform\backend\.venv\Lib\site-packages\starlette\middleware\base.py", line 191, in __call__
    with recv_stream, send_stream, collapse_excgroups():
  File "C:\Users\Tanishk\AppData\Local\Programs\Python\Python311\Lib\contextlib.py", line 158, in __exit__
    self.gen.throw(typ, value, traceback)
  File "C:\Users\Tanishk\Documents\Contract_Intelligence_platform\contact-intelligence-platform\backend\.venv\Lib\site-packages\starlette\_utils.py", line 87, in collapse_excgroups
    raise exc
  File "C:\Users\Tanishk\Documents\Contract_Intelligence_platform\contact-intelligence-platform\backend\.venv\Lib\site-packages\starlette\middleware\base.py", line 193, in __call__
    response = await self.dispatch_func(request, call_next)
               ^^^^^^^^^^^^^^^^^^^^^^^^^^^^^^^^^^^^^^^^^^^^
  File "C:\Users\Tanishk\Documents\Contract_Intelligence_platform\contact-intelligence-platform\backend\app\middleware\tenant.py", line 42, in dispatch
    return await call_next(request)
           ^^^^^^^^^^^^^^^^^^^^^^^^
  File "C:\Users\Tanishk\Documents\Contract_Intelligence_platform\contact-intelligence-platform\backend\.venv\Lib\site-packages\starlette\middleware\base.py", line 168, in call_next
    raise app_exc from app_exc.__cause__ or app_exc.__context__
  File "C:\Users\Tanishk\Documents\Contract_Intelligence_platform\contact-intelligence-platform\backend\.venv\Lib\site-packages\starlette\middleware\base.py", line 144, in coro
    await self.app(scope, receive_or_disconnect, send_no_error)
  File "C:\Users\Tanishk\Documents\Contract_Intelligence_platform\contact-intelligence-platform\backend\.venv\Lib\site-packages\starlette\middleware\base.py", line 191, in __call__
    with recv_stream, send_stream, collapse_excgroups():
  File "C:\Users\Tanishk\AppData\Local\Programs\Python\Python311\Lib\contextlib.py", line 158, in __exit__
    self.gen.throw(typ, value, traceback)
  File "C:\Users\Tanishk\Documents\Contract_Intelligence_platform\contact-intelligence-platform\backend\.venv\Lib\site-packages\starlette\_utils.py", line 87, in collapse_excgroups
    raise exc
  File "C:\Users\Tanishk\Documents\Contract_Intelligence_platform\contact-intelligence-platform\backend\.venv\Lib\site-packages\starlette\middleware\base.py", line 193, in __call__
    response = await self.dispatch_func(request, call_next)
               ^^^^^^^^^^^^^^^^^^^^^^^^^^^^^^^^^^^^^^^^^^^^
  File "C:\Users\Tanishk\Documents\Contract_Intelligence_platform\contact-intelligence-platform\backend\app\middleware\quota.py", line 27, in dispatch
    return await call_next(request)
           ^^^^^^^^^^^^^^^^^^^^^^^^
  File "C:\Users\Tanishk\Documents\Contract_Intelligence_platform\contact-intelligence-platform\backend\.venv\Lib\site-packages\starlette\middleware\base.py", line 168, in call_next
    raise app_exc from app_exc.__cause__ or app_exc.__context__
  File "C:\Users\Tanishk\Documents\Contract_Intelligence_platform\contact-intelligence-platform\backend\.venv\Lib\site-packages\starlette\middleware\base.py", line 144, in coro
    await self.app(scope, receive_or_disconnect, send_no_error)
  File "C:\Users\Tanishk\Documents\Contract_Intelligence_platform\contact-intelligence-platform\backend\.venv\Lib\site-packages\starlette\middleware\base.py", line 191, in __call__
    with recv_stream, send_stream, collapse_excgroups():
  File "C:\Users\Tanishk\AppData\Local\Programs\Python\Python311\Lib\contextlib.py", line 158, in __exit__
    self.gen.throw(typ, value, traceback)
  File "C:\Users\Tanishk\Documents\Contract_Intelligence_platform\contact-intelligence-platform\backend\.venv\Lib\site-packages\starlette\_utils.py", line 87, in collapse_excgroups
    raise exc
  File "C:\Users\Tanishk\Documents\Contract_Intelligence_platform\contact-intelligence-platform\backend\.venv\Lib\site-packages\starlette\middleware\base.py", line 193, in __call__
    response = await self.dispatch_func(request, call_next)
               ^^^^^^^^^^^^^^^^^^^^^^^^^^^^^^^^^^^^^^^^^^^^
  File "C:\Users\Tanishk\Documents\Contract_Intelligence_platform\contact-intelligence-platform\backend\app\middleware\audit.py", line 17, in dispatch
    response = await call_next(request)
               ^^^^^^^^^^^^^^^^^^^^^^^^
  File "C:\Users\Tanishk\Documents\Contract_Intelligence_platform\contact-intelligence-platform\backend\.venv\Lib\site-packages\starlette\middleware\base.py", line 168, in call_next
    raise app_exc from app_exc.__cause__ or app_exc.__context__
  File "C:\Users\Tanishk\Documents\Contract_Intelligence_platform\contact-intelligence-platform\backend\.venv\Lib\site-packages\starlette\middleware\base.py", line 144, in coro
    await self.app(scope, receive_or_disconnect, send_no_error)
  File "C:\Users\Tanishk\Documents\Contract_Intelligence_platform\contact-intelligence-platform\backend\.venv\Lib\site-packages\starlette\middleware\cors.py", line 96, in __call__
    await self.simple_response(scope, receive, send, request_headers=headers)
  File "C:\Users\Tanishk\Documents\Contract_Intelligence_platform\contact-intelligence-platform\backend\.venv\Lib\site-packages\starlette\middleware\cors.py", line 154, in simple_response
    await self.app(scope, receive, send)
  File "C:\Users\Tanishk\Documents\Contract_Intelligence_platform\contact-intelligence-platform\backend\.venv\Lib\site-packages\starlette\middleware\exceptions.py", line 63, in __call__
    await wrap_app_handling_exceptions(self.app, conn)(scope, receive, send)
  File "C:\Users\Tanishk\Documents\Contract_Intelligence_platform\contact-intelligence-platform\backend\.venv\Lib\site-packages\starlette\_exception_handler.py", line 53, in wrapped_app
    raise exc
  File "C:\Users\Tanishk\Documents\Contract_Intelligence_platform\contact-intelligence-platform\backend\.venv\Lib\site-packages\starlette\_exception_handler.py", line 42, in wrapped_app
    await app(scope, receive, sender)
  File "C:\Users\Tanishk\Documents\Contract_Intelligence_platform\contact-intelligence-platform\backend\.venv\Lib\site-packages\fastapi\middleware\asyncexitstack.py", line 18, in __call__
    await self.app(scope, receive, send)
  File "C:\Users\Tanishk\Documents\Contract_Intelligence_platform\contact-intelligence-platform\backend\.venv\Lib\site-packages\starlette\routing.py", line 660, in __call__
    await self.middleware_stack(scope, receive, send)
  File "C:\Users\Tanishk\Documents\Contract_Intelligence_platform\contact-intelligence-platform\backend\.venv\Lib\site-packages\starlette\routing.py", line 680, in app
    await route.handle(scope, receive, send)
  File "C:\Users\Tanishk\Documents\Contract_Intelligence_platform\contact-intelligence-platform\backend\.venv\Lib\site-packages\starlette\routing.py", line 276, in handle
    await self.app(scope, receive, send)
  File "C:\Users\Tanishk\Documents\Contract_Intelligence_platform\contact-intelligence-platform\backend\.venv\Lib\site-packages\fastapi\routing.py", line 134, in app
    await wrap_app_handling_exceptions(app, request)(scope, receive, send)
  File "C:\Users\Tanishk\Documents\Contract_Intelligence_platform\contact-intelligence-platform\backend\.venv\Lib\site-packages\starlette\_exception_handler.py", line 53, in wrapped_app
    raise exc
  File "C:\Users\Tanishk\Documents\Contract_Intelligence_platform\contact-intelligence-platform\backend\.venv\Lib\site-packages\starlette\_exception_handler.py", line 42, in wrapped_app
    await app(scope, receive, sender)
  File "C:\Users\Tanishk\Documents\Contract_Intelligence_platform\contact-intelligence-platform\backend\.venv\Lib\site-packages\fastapi\routing.py", line 120, in app
    response = await f(request)
               ^^^^^^^^^^^^^^^^
  File "C:\Users\Tanishk\Documents\Contract_Intelligence_platform\contact-intelligence-platform\backend\.venv\Lib\site-packages\fastapi\routing.py", line 674, in app
    raw_response = await run_endpoint_function(
                   ^^^^^^^^^^^^^^^^^^^^^^^^^^^^
  File "C:\Users\Tanishk\Documents\Contract_Intelligence_platform\contact-intelligence-platform\backend\.venv\Lib\site-packages\fastapi\routing.py", line 328, in run_endpoint_function
    return await dependant.call(**values)
           ^^^^^^^^^^^^^^^^^^^^^^^^^^^^^^
  File "C:\Users\Tanishk\Documents\Contract_Intelligence_platform\contact-intelligence-platform\backend\app\api\v1\endpoints\billing.py", line 56, in create_checkout_session
    url = await stripe_client.create_checkout_session(
          ^^^^^^^^^^^^^^^^^^^^^^^^^^^^^^^^^^^^^^^^^^^^
  File "C:\Users\Tanishk\Documents\Contract_Intelligence_platform\contact-intelligence-platform\backend\app\integrations\stripe_client.py", line 30, in create_checkout_session
    session = stripe.checkout.Session.create(
              ^^^^^^^^^^^^^^^^^^^^^^^^^^^^^^^
  File "C:\Users\Tanishk\Documents\Contract_Intelligence_platform\contact-intelligence-platform\backend\.venv\Lib\site-packages\stripe\checkout\_session.py", line 2573, in create
    cls._static_request(
  File "C:\Users\Tanishk\Documents\Contract_Intelligence_platform\contact-intelligence-platform\backend\.venv\Lib\site-packages\stripe\_api_resource.py", line 171, in _static_request
    return _APIRequestor._global_instance().request(
           ^^^^^^^^^^^^^^^^^^^^^^^^^^^^^^^^^^^^^^^^^
  File "C:\Users\Tanishk\Documents\Contract_Intelligence_platform\contact-intelligence-platform\backend\.venv\Lib\site-packages\stripe\_api_requestor.py", line 212, in request
    resp = requestor._interpret_response(rbody, rcode, rheaders, api_mode)
           ^^^^^^^^^^^^^^^^^^^^^^^^^^^^^^^^^^^^^^^^^^^^^^^^^^^^^^^^^^^^^^^
  File "C:\Users\Tanishk\Documents\Contract_Intelligence_platform\contact-intelligence-platform\backend\.venv\Lib\site-packages\stripe\_api_requestor.py", line 901, in _interpret_response
    self.handle_error_response(
  File "C:\Users\Tanishk\Documents\Contract_Intelligence_platform\contact-intelligence-platform\backend\.venv\Lib\site-packages\stripe\_api_requestor.py", line 353, in handle_error_response
    raise err
stripe._error.AuthenticationError: Invalid API Key provided: sk_test_*******lder
ERROR:    Exception in ASGI application
  + Exception Group Traceback (most recent call last):
  |   File "C:\Users\Tanishk\Documents\Contract_Intelligence_platform\contact-intelligence-platform\backend\.venv\Lib\site-packages\starlette\_utils.py", line 81, in collapse_excgroups
  |     yield
  |   File "C:\Users\Tanishk\Documents\Contract_Intelligence_platform\contact-intelligence-platform\backend\.venv\Lib\site-packages\starlette\middleware\base.py", line 192, in __call__
  |     async with anyio.create_task_group() as task_group:
  |   File "C:\Users\Tanishk\Documents\Contract_Intelligence_platform\contact-intelligence-platform\backend\.venv\Lib\site-packages\anyio\_backends\_asyncio.py", line 799, in __aexit__
  |     raise BaseExceptionGroup(
  | ExceptionGroup: unhandled errors in a TaskGroup (1 sub-exception)
  +-+---------------- 1 ----------------
    | Traceback (most recent call last):
    |   File "C:\Users\Tanishk\Documents\Contract_Intelligence_platform\contact-intelligence-platform\backend\.venv\Lib\site-packages\uvicorn\protocols\http\httptools_impl.py", line 421, in run_asgi
    |     result = await app(  # type: ignore[func-returns-value]
    |              ^^^^^^^^^^^^^^^^^^^^^^^^^^^^^^^^^^^^^^^^^^^^^^
    |   File "C:\Users\Tanishk\Documents\Contract_Intelligence_platform\contact-intelligence-platform\backend\.venv\Lib\site-packages\uvicorn\middleware\proxy_headers.py", line 56, in __call__
    |     return await self.app(scope, receive, send)
    |            ^^^^^^^^^^^^^^^^^^^^^^^^^^^^^^^^^^^^
    |   File "C:\Users\Tanishk\Documents\Contract_Intelligence_platform\contact-intelligence-platform\backend\.venv\Lib\site-packages\fastapi\applications.py", line 1159, in __call__
    |     await super().__call__(scope, receive, send)
    |   File "C:\Users\Tanishk\Documents\Contract_Intelligence_platform\contact-intelligence-platform\backend\.venv\Lib\site-packages\starlette\applications.py", line 90, in __call__
    |     await self.middleware_stack(scope, receive, send)
    |   File "C:\Users\Tanishk\Documents\Contract_Intelligence_platform\contact-intelligence-platform\backend\.venv\Lib\site-packages\starlette\middleware\errors.py", line 186, in __call__
    |     raise exc
    |   File "C:\Users\Tanishk\Documents\Contract_Intelligence_platform\contact-intelligence-platform\backend\.venv\Lib\site-packages\starlette\middleware\errors.py", line 164, in __call__
    |     await self.app(scope, receive, _send)
    |   File "C:\Users\Tanishk\Documents\Contract_Intelligence_platform\contact-intelligence-platform\backend\.venv\Lib\site-packages\starlette\middleware\base.py", line 191, in __call__
    |     with recv_stream, send_stream, collapse_excgroups():
    |   File "C:\Users\Tanishk\AppData\Local\Programs\Python\Python311\Lib\contextlib.py", line 158, in __exit__
    |     self.gen.throw(typ, value, traceback)
    |   File "C:\Users\Tanishk\Documents\Contract_Intelligence_platform\contact-intelligence-platform\backend\.venv\Lib\site-packages\starlette\_utils.py", line 87, in collapse_excgroups
    |     raise exc
    |   File "C:\Users\Tanishk\Documents\Contract_Intelligence_platform\contact-intelligence-platform\backend\.venv\Lib\site-packages\starlette\middleware\base.py", line 193, in __call__
    |     response = await self.dispatch_func(request, call_next)
    |                ^^^^^^^^^^^^^^^^^^^^^^^^^^^^^^^^^^^^^^^^^^^^
    |   File "C:\Users\Tanishk\Documents\Contract_Intelligence_platform\contact-intelligence-platform\backend\app\middleware\tenant.py", line 42, in dispatch
    |     return await call_next(request)
    |            ^^^^^^^^^^^^^^^^^^^^^^^^
    |   File "C:\Users\Tanishk\Documents\Contract_Intelligence_platform\contact-intelligence-platform\backend\.venv\Lib\site-packages\starlette\middleware\base.py", line 168, in call_next
    |     raise app_exc from app_exc.__cause__ or app_exc.__context__
    |   File "C:\Users\Tanishk\Documents\Contract_Intelligence_platform\contact-intelligence-platform\backend\.venv\Lib\site-packages\starlette\middleware\base.py", line 144, in coro
    |     await self.app(scope, receive_or_disconnect, send_no_error)
    |   File "C:\Users\Tanishk\Documents\Contract_Intelligence_platform\contact-intelligence-platform\backend\.venv\Lib\site-packages\starlette\middleware\base.py", line 191, in __call__
    |     with recv_stream, send_stream, collapse_excgroups():
    |   File "C:\Users\Tanishk\AppData\Local\Programs\Python\Python311\Lib\contextlib.py", line 158, in __exit__
    |     self.gen.throw(typ, value, traceback)
    |   File "C:\Users\Tanishk\Documents\Contract_Intelligence_platform\contact-intelligence-platform\backend\.venv\Lib\site-packages\starlette\_utils.py", line 87, in collapse_excgroups
    |     raise exc
    |   File "C:\Users\Tanishk\Documents\Contract_Intelligence_platform\contact-intelligence-platform\backend\.venv\Lib\site-packages\starlette\middleware\base.py", line 193, in __call__
    |     response = await self.dispatch_func(request, call_next)
    |                ^^^^^^^^^^^^^^^^^^^^^^^^^^^^^^^^^^^^^^^^^^^^
    |   File "C:\Users\Tanishk\Documents\Contract_Intelligence_platform\contact-intelligence-platform\backend\app\middleware\quota.py", line 27, in dispatch
    |     return await call_next(request)
    |            ^^^^^^^^^^^^^^^^^^^^^^^^
    |   File "C:\Users\Tanishk\Documents\Contract_Intelligence_platform\contact-intelligence-platform\backend\.venv\Lib\site-packages\starlette\middleware\base.py", line 168, in call_next
    |     raise app_exc from app_exc.__cause__ or app_exc.__context__
    |   File "C:\Users\Tanishk\Documents\Contract_Intelligence_platform\contact-intelligence-platform\backend\.venv\Lib\site-packages\starlette\middleware\base.py", line 144, in coro
    |     await self.app(scope, receive_or_disconnect, send_no_error)
    |   File "C:\Users\Tanishk\Documents\Contract_Intelligence_platform\contact-intelligence-platform\backend\.venv\Lib\site-packages\starlette\middleware\base.py", line 191, in __call__
    |     with recv_stream, send_stream, collapse_excgroups():
    |   File "C:\Users\Tanishk\AppData\Local\Programs\Python\Python311\Lib\contextlib.py", line 158, in __exit__
    |     self.gen.throw(typ, value, traceback)
    |   File "C:\Users\Tanishk\Documents\Contract_Intelligence_platform\contact-intelligence-platform\backend\.venv\Lib\site-packages\starlette\_utils.py", line 87, in collapse_excgroups
    |     raise exc
    |   File "C:\Users\Tanishk\Documents\Contract_Intelligence_platform\contact-intelligence-platform\backend\.venv\Lib\site-packages\starlette\middleware\base.py", line 193, in __call__
    |     response = await self.dispatch_func(request, call_next)
    |                ^^^^^^^^^^^^^^^^^^^^^^^^^^^^^^^^^^^^^^^^^^^^
    |   File "C:\Users\Tanishk\Documents\Contract_Intelligence_platform\contact-intelligence-platform\backend\app\middleware\audit.py", line 17, in dispatch
    |     response = await call_next(request)
    |                ^^^^^^^^^^^^^^^^^^^^^^^^
    |   File "C:\Users\Tanishk\Documents\Contract_Intelligence_platform\contact-intelligence-platform\backend\.venv\Lib\site-packages\starlette\middleware\base.py", line 168, in call_next
    |     raise app_exc from app_exc.__cause__ or app_exc.__context__
    |   File "C:\Users\Tanishk\Documents\Contract_Intelligence_platform\contact-intelligence-platform\backend\.venv\Lib\site-packages\starlette\middleware\base.py", line 144, in coro
    |     await self.app(scope, receive_or_disconnect, send_no_error)
    |   File "C:\Users\Tanishk\Documents\Contract_Intelligence_platform\contact-intelligence-platform\backend\.venv\Lib\site-packages\starlette\middleware\cors.py", line 96, in __call__
    |     await self.simple_response(scope, receive, send, request_headers=headers)
    |   File "C:\Users\Tanishk\Documents\Contract_Intelligence_platform\contact-intelligence-platform\backend\.venv\Lib\site-packages\starlette\middleware\cors.py", line 154, in simple_response
    |     await self.app(scope, receive, send)
    |   File "C:\Users\Tanishk\Documents\Contract_Intelligence_platform\contact-intelligence-platform\backend\.venv\Lib\site-packages\starlette\middleware\exceptions.py", line 63, in __call__
    |     await wrap_app_handling_exceptions(self.app, conn)(scope, receive, send)
    |   File "C:\Users\Tanishk\Documents\Contract_Intelligence_platform\contact-intelligence-platform\backend\.venv\Lib\site-packages\starlette\_exception_handler.py", line 53, in wrapped_app
    |     raise exc
    |   File "C:\Users\Tanishk\Documents\Contract_Intelligence_platform\contact-intelligence-platform\backend\.venv\Lib\site-packages\starlette\_exception_handler.py", line 42, in wrapped_app
    |     await app(scope, receive, sender)
    |   File "C:\Users\Tanishk\Documents\Contract_Intelligence_platform\contact-intelligence-platform\backend\.venv\Lib\site-packages\fastapi\middleware\asyncexitstack.py", line 18, in __call__
    |     await self.app(scope, receive, send)
    |   File "C:\Users\Tanishk\Documents\Contract_Intelligence_platform\contact-intelligence-platform\backend\.venv\Lib\site-packages\starlette\routing.py", line 660, in __call__
    |     await self.middleware_stack(scope, receive, send)
    |   File "C:\Users\Tanishk\Documents\Contract_Intelligence_platform\contact-intelligence-platform\backend\.venv\Lib\site-packages\starlette\routing.py", line 680, in app
    |     await route.handle(scope, receive, send)
    |   File "C:\Users\Tanishk\Documents\Contract_Intelligence_platform\contact-intelligence-platform\backend\.venv\Lib\site-packages\starlette\routing.py", line 276, in handle
    |     await self.app(scope, receive, send)
    |   File "C:\Users\Tanishk\Documents\Contract_Intelligence_platform\contact-intelligence-platform\backend\.venv\Lib\site-packages\fastapi\routing.py", line 134, in app
    |     await wrap_app_handling_exceptions(app, request)(scope, receive, send)
    |   File "C:\Users\Tanishk\Documents\Contract_Intelligence_platform\contact-intelligence-platform\backend\.venv\Lib\site-packages\starlette\_exception_handler.py", line 53, in wrapped_app
    |     raise exc
    |   File "C:\Users\Tanishk\Documents\Contract_Intelligence_platform\contact-intelligence-platform\backend\.venv\Lib\site-packages\starlette\_exception_handler.py", line 42, in wrapped_app
    |     await app(scope, receive, sender)
    |   File "C:\Users\Tanishk\Documents\Contract_Intelligence_platform\contact-intelligence-platform\backend\.venv\Lib\site-packages\fastapi\routing.py", line 120, in app
    |     response = await f(request)
    |                ^^^^^^^^^^^^^^^^
    |   File "C:\Users\Tanishk\Documents\Contract_Intelligence_platform\contact-intelligence-platform\backend\.venv\Lib\site-packages\fastapi\routing.py", line 674, in app
    |     raw_response = await run_endpoint_function(
    |                    ^^^^^^^^^^^^^^^^^^^^^^^^^^^^
    |   File "C:\Users\Tanishk\Documents\Contract_Intelligence_platform\contact-intelligence-platform\backend\.venv\Lib\site-packages\fastapi\routing.py", line 328, in run_endpoint_function
    |     return await dependant.call(**values)
    |            ^^^^^^^^^^^^^^^^^^^^^^^^^^^^^^
    |   File "C:\Users\Tanishk\Documents\Contract_Intelligence_platform\contact-intelligence-platform\backend\app\api\v1\endpoints\billing.py", line 56, in create_checkout_session
    |     url = await stripe_client.create_checkout_session(
    |           ^^^^^^^^^^^^^^^^^^^^^^^^^^^^^^^^^^^^^^^^^^^^
    |   File "C:\Users\Tanishk\Documents\Contract_Intelligence_platform\contact-intelligence-platform\backend\app\integrations\stripe_client.py", line 30, in create_checkout_session
    |     session = stripe.checkout.Session.create(
    |               ^^^^^^^^^^^^^^^^^^^^^^^^^^^^^^^
    |   File "C:\Users\Tanishk\Documents\Contract_Intelligence_platform\contact-intelligence-platform\backend\.venv\Lib\site-packages\stripe\checkout\_session.py", line 2573, in create
    |     cls._static_request(
    |   File "C:\Users\Tanishk\Documents\Contract_Intelligence_platform\contact-intelligence-platform\backend\.venv\Lib\site-packages\stripe\_api_resource.py", line 171, in _static_request
    |     return _APIRequestor._global_instance().request(
    |            ^^^^^^^^^^^^^^^^^^^^^^^^^^^^^^^^^^^^^^^^^
    |   File "C:\Users\Tanishk\Documents\Contract_Intelligence_platform\contact-intelligence-platform\backend\.venv\Lib\site-packages\stripe\_api_requestor.py", line 212, in request
    |     resp = requestor._interpret_response(rbody, rcode, rheaders, api_mode)
    |            ^^^^^^^^^^^^^^^^^^^^^^^^^^^^^^^^^^^^^^^^^^^^^^^^^^^^^^^^^^^^^^^
    |   File "C:\Users\Tanishk\Documents\Contract_Intelligence_platform\contact-intelligence-platform\backend\.venv\Lib\site-packages\stripe\_api_requestor.py", line 901, in _interpret_response
    |     self.handle_error_response(
    |   File "C:\Users\Tanishk\Documents\Contract_Intelligence_platform\contact-intelligence-platform\backend\.venv\Lib\site-packages\stripe\_api_requestor.py", line 353, in handle_error_response
    |     raise err
    | stripe._error.AuthenticationError: Invalid API Key provided: sk_test_*******lder
    +------------------------------------

The above exception was the direct cause of the following exception:

Traceback (most recent call last):
  File "C:\Users\Tanishk\Documents\Contract_Intelligence_platform\contact-intelligence-platform\backend\.venv\Lib\site-packages\uvicorn\protocols\http\httptools_impl.py", line 421, in run_asgi
    result = await app(  # type: ignore[func-returns-value]
             ^^^^^^^^^^^^^^^^^^^^^^^^^^^^^^^^^^^^^^^^^^^^^^
  File "C:\Users\Tanishk\Documents\Contract_Intelligence_platform\contact-intelligence-platform\backend\.venv\Lib\site-packages\uvicorn\middleware\proxy_headers.py", line 56, in __call__
    return await self.app(scope, receive, send)
           ^^^^^^^^^^^^^^^^^^^^^^^^^^^^^^^^^^^^
  File "C:\Users\Tanishk\Documents\Contract_Intelligence_platform\contact-intelligence-platform\backend\.venv\Lib\site-packages\fastapi\applications.py", line 1159, in __call__
    await super().__call__(scope, receive, send)
  File "C:\Users\Tanishk\Documents\Contract_Intelligence_platform\contact-intelligence-platform\backend\.venv\Lib\site-packages\starlette\applications.py", line 90, in __call__
    await self.middleware_stack(scope, receive, send)
  File "C:\Users\Tanishk\Documents\Contract_Intelligence_platform\contact-intelligence-platform\backend\.venv\Lib\site-packages\starlette\middleware\errors.py", line 186, in __call__
    raise exc
  File "C:\Users\Tanishk\Documents\Contract_Intelligence_platform\contact-intelligence-platform\backend\.venv\Lib\site-packages\starlette\middleware\errors.py", line 164, in __call__
    await self.app(scope, receive, _send)
  File "C:\Users\Tanishk\Documents\Contract_Intelligence_platform\contact-intelligence-platform\backend\.venv\Lib\site-packages\starlette\middleware\base.py", line 191, in __call__
    with recv_stream, send_stream, collapse_excgroups():
  File "C:\Users\Tanishk\AppData\Local\Programs\Python\Python311\Lib\contextlib.py", line 158, in __exit__
    self.gen.throw(typ, value, traceback)
  File "C:\Users\Tanishk\Documents\Contract_Intelligence_platform\contact-intelligence-platform\backend\.venv\Lib\site-packages\starlette\_utils.py", line 87, in collapse_excgroups
    raise exc
  File "C:\Users\Tanishk\Documents\Contract_Intelligence_platform\contact-intelligence-platform\backend\.venv\Lib\site-packages\starlette\middleware\base.py", line 193, in __call__
    response = await self.dispatch_func(request, call_next)
               ^^^^^^^^^^^^^^^^^^^^^^^^^^^^^^^^^^^^^^^^^^^^
  File "C:\Users\Tanishk\Documents\Contract_Intelligence_platform\contact-intelligence-platform\backend\app\middleware\tenant.py", line 42, in dispatch
    return await call_next(request)
           ^^^^^^^^^^^^^^^^^^^^^^^^
  File "C:\Users\Tanishk\Documents\Contract_Intelligence_platform\contact-intelligence-platform\backend\.venv\Lib\site-packages\starlette\middleware\base.py", line 168, in call_next
    raise app_exc from app_exc.__cause__ or app_exc.__context__
  File "C:\Users\Tanishk\Documents\Contract_Intelligence_platform\contact-intelligence-platform\backend\.venv\Lib\site-packages\starlette\middleware\base.py", line 144, in coro
    await self.app(scope, receive_or_disconnect, send_no_error)
  File "C:\Users\Tanishk\Documents\Contract_Intelligence_platform\contact-intelligence-platform\backend\.venv\Lib\site-packages\starlette\middleware\base.py", line 191, in __call__
    with recv_stream, send_stream, collapse_excgroups():
  File "C:\Users\Tanishk\AppData\Local\Programs\Python\Python311\Lib\contextlib.py", line 158, in __exit__
    self.gen.throw(typ, value, traceback)
  File "C:\Users\Tanishk\Documents\Contract_Intelligence_platform\contact-intelligence-platform\backend\.venv\Lib\site-packages\starlette\_utils.py", line 87, in collapse_excgroups
    raise exc
  File "C:\Users\Tanishk\Documents\Contract_Intelligence_platform\contact-intelligence-platform\backend\.venv\Lib\site-packages\starlette\middleware\base.py", line 193, in __call__
    response = await self.dispatch_func(request, call_next)
               ^^^^^^^^^^^^^^^^^^^^^^^^^^^^^^^^^^^^^^^^^^^^
  File "C:\Users\Tanishk\Documents\Contract_Intelligence_platform\contact-intelligence-platform\backend\app\middleware\quota.py", line 27, in dispatch
    return await call_next(request)
           ^^^^^^^^^^^^^^^^^^^^^^^^
  File "C:\Users\Tanishk\Documents\Contract_Intelligence_platform\contact-intelligence-platform\backend\.venv\Lib\site-packages\starlette\middleware\base.py", line 168, in call_next
    raise app_exc from app_exc.__cause__ or app_exc.__context__
  File "C:\Users\Tanishk\Documents\Contract_Intelligence_platform\contact-intelligence-platform\backend\.venv\Lib\site-packages\starlette\middleware\base.py", line 144, in coro
    await self.app(scope, receive_or_disconnect, send_no_error)
  File "C:\Users\Tanishk\Documents\Contract_Intelligence_platform\contact-intelligence-platform\backend\.venv\Lib\site-packages\starlette\middleware\base.py", line 191, in __call__
    with recv_stream, send_stream, collapse_excgroups():
  File "C:\Users\Tanishk\AppData\Local\Programs\Python\Python311\Lib\contextlib.py", line 158, in __exit__
    self.gen.throw(typ, value, traceback)
  File "C:\Users\Tanishk\Documents\Contract_Intelligence_platform\contact-intelligence-platform\backend\.venv\Lib\site-packages\starlette\_utils.py", line 87, in collapse_excgroups
    raise exc
  File "C:\Users\Tanishk\Documents\Contract_Intelligence_platform\contact-intelligence-platform\backend\.venv\Lib\site-packages\starlette\middleware\base.py", line 193, in __call__
    response = await self.dispatch_func(request, call_next)
               ^^^^^^^^^^^^^^^^^^^^^^^^^^^^^^^^^^^^^^^^^^^^
  File "C:\Users\Tanishk\Documents\Contract_Intelligence_platform\contact-intelligence-platform\backend\app\middleware\audit.py", line 17, in dispatch
    response = await call_next(request)
               ^^^^^^^^^^^^^^^^^^^^^^^^
  File "C:\Users\Tanishk\Documents\Contract_Intelligence_platform\contact-intelligence-platform\backend\.venv\Lib\site-packages\starlette\middleware\base.py", line 168, in call_next
    raise app_exc from app_exc.__cause__ or app_exc.__context__
  File "C:\Users\Tanishk\Documents\Contract_Intelligence_platform\contact-intelligence-platform\backend\.venv\Lib\site-packages\starlette\middleware\base.py", line 144, in coro
    await self.app(scope, receive_or_disconnect, send_no_error)
  File "C:\Users\Tanishk\Documents\Contract_Intelligence_platform\contact-intelligence-platform\backend\.venv\Lib\site-packages\starlette\middleware\cors.py", line 96, in __call__
    await self.simple_response(scope, receive, send, request_headers=headers)
  File "C:\Users\Tanishk\Documents\Contract_Intelligence_platform\contact-intelligence-platform\backend\.venv\Lib\site-packages\starlette\middleware\cors.py", line 154, in simple_response
    await self.app(scope, receive, send)
  File "C:\Users\Tanishk\Documents\Contract_Intelligence_platform\contact-intelligence-platform\backend\.venv\Lib\site-packages\starlette\middleware\exceptions.py", line 63, in __call__
    await wrap_app_handling_exceptions(self.app, conn)(scope, receive, send)
  File "C:\Users\Tanishk\Documents\Contract_Intelligence_platform\contact-intelligence-platform\backend\.venv\Lib\site-packages\starlette\_exception_handler.py", line 53, in wrapped_app
    raise exc
  File "C:\Users\Tanishk\Documents\Contract_Intelligence_platform\contact-intelligence-platform\backend\.venv\Lib\site-packages\starlette\_exception_handler.py", line 42, in wrapped_app
    await app(scope, receive, sender)
  File "C:\Users\Tanishk\Documents\Contract_Intelligence_platform\contact-intelligence-platform\backend\.venv\Lib\site-packages\fastapi\middleware\asyncexitstack.py", line 18, in __call__
    await self.app(scope, receive, send)
  File "C:\Users\Tanishk\Documents\Contract_Intelligence_platform\contact-intelligence-platform\backend\.venv\Lib\site-packages\starlette\routing.py", line 660, in __call__
    await self.middleware_stack(scope, receive, send)
  File "C:\Users\Tanishk\Documents\Contract_Intelligence_platform\contact-intelligence-platform\backend\.venv\Lib\site-packages\starlette\routing.py", line 680, in app
    await route.handle(scope, receive, send)
  File "C:\Users\Tanishk\Documents\Contract_Intelligence_platform\contact-intelligence-platform\backend\.venv\Lib\site-packages\starlette\routing.py", line 276, in handle
    await self.app(scope, receive, send)
  File "C:\Users\Tanishk\Documents\Contract_Intelligence_platform\contact-intelligence-platform\backend\.venv\Lib\site-packages\fastapi\routing.py", line 134, in app
    await wrap_app_handling_exceptions(app, request)(scope, receive, send)
  File "C:\Users\Tanishk\Documents\Contract_Intelligence_platform\contact-intelligence-platform\backend\.venv\Lib\site-packages\starlette\_exception_handler.py", line 53, in wrapped_app
    raise exc
  File "C:\Users\Tanishk\Documents\Contract_Intelligence_platform\contact-intelligence-platform\backend\.venv\Lib\site-packages\starlette\_exception_handler.py", line 42, in wrapped_app
    await app(scope, receive, sender)
  File "C:\Users\Tanishk\Documents\Contract_Intelligence_platform\contact-intelligence-platform\backend\.venv\Lib\site-packages\fastapi\routing.py", line 120, in app
    response = await f(request)
               ^^^^^^^^^^^^^^^^
  File "C:\Users\Tanishk\Documents\Contract_Intelligence_platform\contact-intelligence-platform\backend\.venv\Lib\site-packages\fastapi\routing.py", line 674, in app
    raw_response = await run_endpoint_function(
                   ^^^^^^^^^^^^^^^^^^^^^^^^^^^^
  File "C:\Users\Tanishk\Documents\Contract_Intelligence_platform\contact-intelligence-platform\backend\.venv\Lib\site-packages\fastapi\routing.py", line 328, in run_endpoint_function
    return await dependant.call(**values)
           ^^^^^^^^^^^^^^^^^^^^^^^^^^^^^^
  File "C:\Users\Tanishk\Documents\Contract_Intelligence_platform\contact-intelligence-platform\backend\app\api\v1\endpoints\billing.py", line 56, in create_checkout_session
    url = await stripe_client.create_checkout_session(
          ^^^^^^^^^^^^^^^^^^^^^^^^^^^^^^^^^^^^^^^^^^^^
  File "C:\Users\Tanishk\Documents\Contract_Intelligence_platform\contact-intelligence-platform\backend\app\integrations\stripe_client.py", line 30, in create_checkout_session
    session = stripe.checkout.Session.create(
              ^^^^^^^^^^^^^^^^^^^^^^^^^^^^^^^
  File "C:\Users\Tanishk\Documents\Contract_Intelligence_platform\contact-intelligence-platform\backend\.venv\Lib\site-packages\stripe\checkout\_session.py", line 2573, in create
    cls._static_request(
  File "C:\Users\Tanishk\Documents\Contract_Intelligence_platform\contact-intelligence-platform\backend\.venv\Lib\site-packages\stripe\_api_resource.py", line 171, in _static_request
    return _APIRequestor._global_instance().request(
           ^^^^^^^^^^^^^^^^^^^^^^^^^^^^^^^^^^^^^^^^^
  File "C:\Users\Tanishk\Documents\Contract_Intelligence_platform\contact-intelligence-platform\backend\.venv\Lib\site-packages\stripe\_api_requestor.py", line 212, in request
    resp = requestor._interpret_response(rbody, rcode, rheaders, api_mode)
           ^^^^^^^^^^^^^^^^^^^^^^^^^^^^^^^^^^^^^^^^^^^^^^^^^^^^^^^^^^^^^^^
  File "C:\Users\Tanishk\Documents\Contract_Intelligence_platform\contact-intelligence-platform\backend\.venv\Lib\site-packages\stripe\_api_requestor.py", line 901, in _interpret_response
    self.handle_error_response(
  File "C:\Users\Tanishk\Documents\Contract_Intelligence_platform\contact-intelligence-platform\backend\.venv\Lib\site-packages\stripe\_api_requestor.py", line 353, in handle_error_response
    raise err
stripe._error.AuthenticationError: Invalid API Key provided: sk_test_*******lder
ERROR:    Exception in ASGI application
  + Exception Group Traceback (most recent call last):
  |   File "C:\Users\Tanishk\Documents\Contract_Intelligence_platform\contact-intelligence-platform\backend\.venv\Lib\site-packages\starlette\_utils.py", line 81, in collapse_excgroups
  |     yield
  |   File "C:\Users\Tanishk\Documents\Contract_Intelligence_platform\contact-intelligence-platform\backend\.venv\Lib\site-packages\starlette\middleware\base.py", line 192, in __call__
  |     async with anyio.create_task_group() as task_group:
  |   File "C:\Users\Tanishk\Documents\Contract_Intelligence_platform\contact-intelligence-platform\backend\.venv\Lib\site-packages\anyio\_backends\_asyncio.py", line 799, in __aexit__
  |     raise BaseExceptionGroup(
  | ExceptionGroup: unhandled errors in a TaskGroup (1 sub-exception)
  +-+---------------- 1 ----------------
    | Traceback (most recent call last):
    |   File "C:\Users\Tanishk\Documents\Contract_Intelligence_platform\contact-intelligence-platform\backend\.venv\Lib\site-packages\uvicorn\protocols\http\httptools_impl.py", line 421, in run_asgi
    |     result = await app(  # type: ignore[func-returns-value]
    |              ^^^^^^^^^^^^^^^^^^^^^^^^^^^^^^^^^^^^^^^^^^^^^^
    |   File "C:\Users\Tanishk\Documents\Contract_Intelligence_platform\contact-intelligence-platform\backend\.venv\Lib\site-packages\uvicorn\middleware\proxy_headers.py", line 56, in __call__
    |     return await self.app(scope, receive, send)
    |            ^^^^^^^^^^^^^^^^^^^^^^^^^^^^^^^^^^^^
    |   File "C:\Users\Tanishk\Documents\Contract_Intelligence_platform\contact-intelligence-platform\backend\.venv\Lib\site-packages\fastapi\applications.py", line 1159, in __call__
    |     await super().__call__(scope, receive, send)
    |   File "C:\Users\Tanishk\Documents\Contract_Intelligence_platform\contact-intelligence-platform\backend\.venv\Lib\site-packages\starlette\applications.py", line 90, in __call__
    |     await self.middleware_stack(scope, receive, send)
    |   File "C:\Users\Tanishk\Documents\Contract_Intelligence_platform\contact-intelligence-platform\backend\.venv\Lib\site-packages\starlette\middleware\errors.py", line 186, in __call__
    |     raise exc
    |   File "C:\Users\Tanishk\Documents\Contract_Intelligence_platform\contact-intelligence-platform\backend\.venv\Lib\site-packages\starlette\middleware\errors.py", line 164, in __call__
    |     await self.app(scope, receive, _send)
    |   File "C:\Users\Tanishk\Documents\Contract_Intelligence_platform\contact-intelligence-platform\backend\.venv\Lib\site-packages\starlette\middleware\base.py", line 191, in __call__
    |     with recv_stream, send_stream, collapse_excgroups():
    |   File "C:\Users\Tanishk\AppData\Local\Programs\Python\Python311\Lib\contextlib.py", line 158, in __exit__
    |     self.gen.throw(typ, value, traceback)
    |   File "C:\Users\Tanishk\Documents\Contract_Intelligence_platform\contact-intelligence-platform\backend\.venv\Lib\site-packages\starlette\_utils.py", line 87, in collapse_excgroups
    |     raise exc
    |   File "C:\Users\Tanishk\Documents\Contract_Intelligence_platform\contact-intelligence-platform\backend\.venv\Lib\site-packages\starlette\middleware\base.py", line 193, in __call__
    |     response = await self.dispatch_func(request, call_next)
    |                ^^^^^^^^^^^^^^^^^^^^^^^^^^^^^^^^^^^^^^^^^^^^
    |   File "C:\Users\Tanishk\Documents\Contract_Intelligence_platform\contact-intelligence-platform\backend\app\middleware\tenant.py", line 42, in dispatch
    |     return await call_next(request)
    |            ^^^^^^^^^^^^^^^^^^^^^^^^
    |   File "C:\Users\Tanishk\Documents\Contract_Intelligence_platform\contact-intelligence-platform\backend\.venv\Lib\site-packages\starlette\middleware\base.py", line 168, in call_next
    |     raise app_exc from app_exc.__cause__ or app_exc.__context__
    |   File "C:\Users\Tanishk\Documents\Contract_Intelligence_platform\contact-intelligence-platform\backend\.venv\Lib\site-packages\starlette\middleware\base.py", line 144, in coro
    |     await self.app(scope, receive_or_disconnect, send_no_error)
    |   File "C:\Users\Tanishk\Documents\Contract_Intelligence_platform\contact-intelligence-platform\backend\.venv\Lib\site-packages\starlette\middleware\base.py", line 191, in __call__
    |     with recv_stream, send_stream, collapse_excgroups():
    |   File "C:\Users\Tanishk\AppData\Local\Programs\Python\Python311\Lib\contextlib.py", line 158, in __exit__
    |     self.gen.throw(typ, value, traceback)
    |   File "C:\Users\Tanishk\Documents\Contract_Intelligence_platform\contact-intelligence-platform\backend\.venv\Lib\site-packages\starlette\_utils.py", line 87, in collapse_excgroups
    |     raise exc
    |   File "C:\Users\Tanishk\Documents\Contract_Intelligence_platform\contact-intelligence-platform\backend\.venv\Lib\site-packages\starlette\middleware\base.py", line 193, in __call__
    |     response = await self.dispatch_func(request, call_next)
    |                ^^^^^^^^^^^^^^^^^^^^^^^^^^^^^^^^^^^^^^^^^^^^
    |   File "C:\Users\Tanishk\Documents\Contract_Intelligence_platform\contact-intelligence-platform\backend\app\middleware\quota.py", line 27, in dispatch
    |     return await call_next(request)
    |            ^^^^^^^^^^^^^^^^^^^^^^^^
    |   File "C:\Users\Tanishk\Documents\Contract_Intelligence_platform\contact-intelligence-platform\backend\.venv\Lib\site-packages\starlette\middleware\base.py", line 168, in call_next
    |     raise app_exc from app_exc.__cause__ or app_exc.__context__
    |   File "C:\Users\Tanishk\Documents\Contract_Intelligence_platform\contact-intelligence-platform\backend\.venv\Lib\site-packages\starlette\middleware\base.py", line 144, in coro
    |     await self.app(scope, receive_or_disconnect, send_no_error)
    |   File "C:\Users\Tanishk\Documents\Contract_Intelligence_platform\contact-intelligence-platform\backend\.venv\Lib\site-packages\starlette\middleware\base.py", line 191, in __call__
    |     with recv_stream, send_stream, collapse_excgroups():
    |   File "C:\Users\Tanishk\AppData\Local\Programs\Python\Python311\Lib\contextlib.py", line 158, in __exit__
    |     self.gen.throw(typ, value, traceback)
    |   File "C:\Users\Tanishk\Documents\Contract_Intelligence_platform\contact-intelligence-platform\backend\.venv\Lib\site-packages\starlette\_utils.py", line 87, in collapse_excgroups
    |     raise exc
    |   File "C:\Users\Tanishk\Documents\Contract_Intelligence_platform\contact-intelligence-platform\backend\.venv\Lib\site-packages\starlette\middleware\base.py", line 193, in __call__
    |     response = await self.dispatch_func(request, call_next)
    |                ^^^^^^^^^^^^^^^^^^^^^^^^^^^^^^^^^^^^^^^^^^^^
    |   File "C:\Users\Tanishk\Documents\Contract_Intelligence_platform\contact-intelligence-platform\backend\app\middleware\audit.py", line 17, in dispatch
    |     response = await call_next(request)
    |                ^^^^^^^^^^^^^^^^^^^^^^^^
    |   File "C:\Users\Tanishk\Documents\Contract_Intelligence_platform\contact-intelligence-platform\backend\.venv\Lib\site-packages\starlette\middleware\base.py", line 168, in call_next
    |     raise app_exc from app_exc.__cause__ or app_exc.__context__
    |   File "C:\Users\Tanishk\Documents\Contract_Intelligence_platform\contact-intelligence-platform\backend\.venv\Lib\site-packages\starlette\middleware\base.py", line 144, in coro
    |     await self.app(scope, receive_or_disconnect, send_no_error)
    |   File "C:\Users\Tanishk\Documents\Contract_Intelligence_platform\contact-intelligence-platform\backend\.venv\Lib\site-packages\starlette\middleware\cors.py", line 88, in __call__
    |     await self.app(scope, receive, send)
    |   File "C:\Users\Tanishk\Documents\Contract_Intelligence_platform\contact-intelligence-platform\backend\.venv\Lib\site-packages\starlette\middleware\exceptions.py", line 63, in __call__
    |     await wrap_app_handling_exceptions(self.app, conn)(scope, receive, send)
    |   File "C:\Users\Tanishk\Documents\Contract_Intelligence_platform\contact-intelligence-platform\backend\.venv\Lib\site-packages\starlette\_exception_handler.py", line 53, in wrapped_app
    |     raise exc
    |   File "C:\Users\Tanishk\Documents\Contract_Intelligence_platform\contact-intelligence-platform\backend\.venv\Lib\site-packages\starlette\_exception_handler.py", line 42, in wrapped_app
    |     await app(scope, receive, sender)
    |   File "C:\Users\Tanishk\Documents\Contract_Intelligence_platform\contact-intelligence-platform\backend\.venv\Lib\site-packages\fastapi\middleware\asyncexitstack.py", line 18, in __call__
    |     await self.app(scope, receive, send)
    |   File "C:\Users\Tanishk\Documents\Contract_Intelligence_platform\contact-intelligence-platform\backend\.venv\Lib\site-packages\starlette\routing.py", line 660, in __call__
    |     await self.middleware_stack(scope, receive, send)
    |   File "C:\Users\Tanishk\Documents\Contract_Intelligence_platform\contact-intelligence-platform\backend\.venv\Lib\site-packages\starlette\routing.py", line 680, in app
    |     await route.handle(scope, receive, send)
    |   File "C:\Users\Tanishk\Documents\Contract_Intelligence_platform\contact-intelligence-platform\backend\.venv\Lib\site-packages\starlette\routing.py", line 276, in handle
    |     await self.app(scope, receive, send)
    |   File "C:\Users\Tanishk\Documents\Contract_Intelligence_platform\contact-intelligence-platform\backend\.venv\Lib\site-packages\fastapi\routing.py", line 134, in app
    |     await wrap_app_handling_exceptions(app, request)(scope, receive, send)
    |   File "C:\Users\Tanishk\Documents\Contract_Intelligence_platform\contact-intelligence-platform\backend\.venv\Lib\site-packages\starlette\_exception_handler.py", line 53, in wrapped_app
    |     raise exc
    |   File "C:\Users\Tanishk\Documents\Contract_Intelligence_platform\contact-intelligence-platform\backend\.venv\Lib\site-packages\starlette\_exception_handler.py", line 42, in wrapped_app
    |     await app(scope, receive, sender)
    |   File "C:\Users\Tanishk\Documents\Contract_Intelligence_platform\contact-intelligence-platform\backend\.venv\Lib\site-packages\fastapi\routing.py", line 120, in app
    |     response = await f(request)
    |                ^^^^^^^^^^^^^^^^
    |   File "C:\Users\Tanishk\Documents\Contract_Intelligence_platform\contact-intelligence-platform\backend\.venv\Lib\site-packages\fastapi\routing.py", line 674, in app
    |     raw_response = await run_endpoint_function(
    |                    ^^^^^^^^^^^^^^^^^^^^^^^^^^^^
    |   File "C:\Users\Tanishk\Documents\Contract_Intelligence_platform\contact-intelligence-platform\backend\.venv\Lib\site-packages\fastapi\routing.py", line 328, in run_endpoint_function
    |     return await dependant.call(**values)
    |            ^^^^^^^^^^^^^^^^^^^^^^^^^^^^^^
    |   File "C:\Users\Tanishk\Documents\Contract_Intelligence_platform\contact-intelligence-platform\backend\app\api\v1\endpoints\billing.py", line 56, in create_checkout_session
    |     url = await stripe_client.create_checkout_session(
    |           ^^^^^^^^^^^^^^^^^^^^^^^^^^^^^^^^^^^^^^^^^^^^
    |   File "C:\Users\Tanishk\Documents\Contract_Intelligence_platform\contact-intelligence-platform\backend\app\integrations\stripe_client.py", line 30, in create_checkout_session
    |     session = stripe.checkout.Session.create(
    |               ^^^^^^^^^^^^^^^^^^^^^^^^^^^^^^^
    |   File "C:\Users\Tanishk\Documents\Contract_Intelligence_platform\contact-intelligence-platform\backend\.venv\Lib\site-packages\stripe\checkout\_session.py", line 2573, in create
    |     cls._static_request(
    |   File "C:\Users\Tanishk\Documents\Contract_Intelligence_platform\contact-intelligence-platform\backend\.venv\Lib\site-packages\stripe\_api_resource.py", line 171, in _static_request
    |     return _APIRequestor._global_instance().request(
    |            ^^^^^^^^^^^^^^^^^^^^^^^^^^^^^^^^^^^^^^^^^
    |   File "C:\Users\Tanishk\Documents\Contract_Intelligence_platform\contact-intelligence-platform\backend\.venv\Lib\site-packages\stripe\_api_requestor.py", line 212, in request
    |     resp = requestor._interpret_response(rbody, rcode, rheaders, api_mode)
    |            ^^^^^^^^^^^^^^^^^^^^^^^^^^^^^^^^^^^^^^^^^^^^^^^^^^^^^^^^^^^^^^^
    |   File "C:\Users\Tanishk\Documents\Contract_Intelligence_platform\contact-intelligence-platform\backend\.venv\Lib\site-packages\stripe\_api_requestor.py", line 901, in _interpret_response
    |     self.handle_error_response(
    |   File "C:\Users\Tanishk\Documents\Contract_Intelligence_platform\contact-intelligence-platform\backend\.venv\Lib\site-packages\stripe\_api_requestor.py", line 353, in handle_error_response
    |     raise err
    | stripe._error.AuthenticationError: Invalid API Key provided: sk_test_*******lder
    +------------------------------------

The above exception was the direct cause of the following exception:

Traceback (most recent call last):
  File "C:\Users\Tanishk\Documents\Contract_Intelligence_platform\contact-intelligence-platform\backend\.venv\Lib\site-packages\uvicorn\protocols\http\httptools_impl.py", line 421, in run_asgi
    result = await app(  # type: ignore[func-returns-value]
             ^^^^^^^^^^^^^^^^^^^^^^^^^^^^^^^^^^^^^^^^^^^^^^
  File "C:\Users\Tanishk\Documents\Contract_Intelligence_platform\contact-intelligence-platform\backend\.venv\Lib\site-packages\uvicorn\middleware\proxy_headers.py", line 56, in __call__
    return await self.app(scope, receive, send)
           ^^^^^^^^^^^^^^^^^^^^^^^^^^^^^^^^^^^^
  File "C:\Users\Tanishk\Documents\Contract_Intelligence_platform\contact-intelligence-platform\backend\.venv\Lib\site-packages\fastapi\applications.py", line 1159, in __call__
    await super().__call__(scope, receive, send)
  File "C:\Users\Tanishk\Documents\Contract_Intelligence_platform\contact-intelligence-platform\backend\.venv\Lib\site-packages\starlette\applications.py", line 90, in __call__
    await self.middleware_stack(scope, receive, send)
  File "C:\Users\Tanishk\Documents\Contract_Intelligence_platform\contact-intelligence-platform\backend\.venv\Lib\site-packages\starlette\middleware\errors.py", line 186, in __call__
    raise exc
  File "C:\Users\Tanishk\Documents\Contract_Intelligence_platform\contact-intelligence-platform\backend\.venv\Lib\site-packages\starlette\middleware\errors.py", line 164, in __call__
    await self.app(scope, receive, _send)
  File "C:\Users\Tanishk\Documents\Contract_Intelligence_platform\contact-intelligence-platform\backend\.venv\Lib\site-packages\starlette\middleware\base.py", line 191, in __call__
    with recv_stream, send_stream, collapse_excgroups():
  File "C:\Users\Tanishk\AppData\Local\Programs\Python\Python311\Lib\contextlib.py", line 158, in __exit__
    self.gen.throw(typ, value, traceback)
  File "C:\Users\Tanishk\Documents\Contract_Intelligence_platform\contact-intelligence-platform\backend\.venv\Lib\site-packages\starlette\_utils.py", line 87, in collapse_excgroups
    raise exc
  File "C:\Users\Tanishk\Documents\Contract_Intelligence_platform\contact-intelligence-platform\backend\.venv\Lib\site-packages\starlette\middleware\base.py", line 193, in __call__
    response = await self.dispatch_func(request, call_next)
               ^^^^^^^^^^^^^^^^^^^^^^^^^^^^^^^^^^^^^^^^^^^^
  File "C:\Users\Tanishk\Documents\Contract_Intelligence_platform\contact-intelligence-platform\backend\app\middleware\tenant.py", line 42, in dispatch
    return await call_next(request)
           ^^^^^^^^^^^^^^^^^^^^^^^^
  File "C:\Users\Tanishk\Documents\Contract_Intelligence_platform\contact-intelligence-platform\backend\.venv\Lib\site-packages\starlette\middleware\base.py", line 168, in call_next
    raise app_exc from app_exc.__cause__ or app_exc.__context__
  File "C:\Users\Tanishk\Documents\Contract_Intelligence_platform\contact-intelligence-platform\backend\.venv\Lib\site-packages\starlette\middleware\base.py", line 144, in coro
    await self.app(scope, receive_or_disconnect, send_no_error)
  File "C:\Users\Tanishk\Documents\Contract_Intelligence_platform\contact-intelligence-platform\backend\.venv\Lib\site-packages\starlette\middleware\base.py", line 191, in __call__
    with recv_stream, send_stream, collapse_excgroups():
  File "C:\Users\Tanishk\AppData\Local\Programs\Python\Python311\Lib\contextlib.py", line 158, in __exit__
    self.gen.throw(typ, value, traceback)
  File "C:\Users\Tanishk\Documents\Contract_Intelligence_platform\contact-intelligence-platform\backend\.venv\Lib\site-packages\starlette\_utils.py", line 87, in collapse_excgroups
    raise exc
  File "C:\Users\Tanishk\Documents\Contract_Intelligence_platform\contact-intelligence-platform\backend\.venv\Lib\site-packages\starlette\middleware\base.py", line 193, in __call__
    response = await self.dispatch_func(request, call_next)
               ^^^^^^^^^^^^^^^^^^^^^^^^^^^^^^^^^^^^^^^^^^^^
  File "C:\Users\Tanishk\Documents\Contract_Intelligence_platform\contact-intelligence-platform\backend\app\middleware\quota.py", line 27, in dispatch
    return await call_next(request)
           ^^^^^^^^^^^^^^^^^^^^^^^^
  File "C:\Users\Tanishk\Documents\Contract_Intelligence_platform\contact-intelligence-platform\backend\.venv\Lib\site-packages\starlette\middleware\base.py", line 168, in call_next
    raise app_exc from app_exc.__cause__ or app_exc.__context__
  File "C:\Users\Tanishk\Documents\Contract_Intelligence_platform\contact-intelligence-platform\backend\.venv\Lib\site-packages\starlette\middleware\base.py", line 144, in coro
    await self.app(scope, receive_or_disconnect, send_no_error)
  File "C:\Users\Tanishk\Documents\Contract_Intelligence_platform\contact-intelligence-platform\backend\.venv\Lib\site-packages\starlette\middleware\base.py", line 191, in __call__
    with recv_stream, send_stream, collapse_excgroups():
  File "C:\Users\Tanishk\AppData\Local\Programs\Python\Python311\Lib\contextlib.py", line 158, in __exit__
    self.gen.throw(typ, value, traceback)
  File "C:\Users\Tanishk\Documents\Contract_Intelligence_platform\contact-intelligence-platform\backend\.venv\Lib\site-packages\starlette\_utils.py", line 87, in collapse_excgroups
    raise exc
  File "C:\Users\Tanishk\Documents\Contract_Intelligence_platform\contact-intelligence-platform\backend\.venv\Lib\site-packages\starlette\middleware\base.py", line 193, in __call__
    response = await self.dispatch_func(request, call_next)
               ^^^^^^^^^^^^^^^^^^^^^^^^^^^^^^^^^^^^^^^^^^^^
  File "C:\Users\Tanishk\Documents\Contract_Intelligence_platform\contact-intelligence-platform\backend\app\middleware\audit.py", line 17, in dispatch
    response = await call_next(request)
               ^^^^^^^^^^^^^^^^^^^^^^^^
  File "C:\Users\Tanishk\Documents\Contract_Intelligence_platform\contact-intelligence-platform\backend\.venv\Lib\site-packages\starlette\middleware\base.py", line 168, in call_next
    raise app_exc from app_exc.__cause__ or app_exc.__context__
  File "C:\Users\Tanishk\Documents\Contract_Intelligence_platform\contact-intelligence-platform\backend\.venv\Lib\site-packages\starlette\middleware\base.py", line 144, in coro
    await self.app(scope, receive_or_disconnect, send_no_error)
  File "C:\Users\Tanishk\Documents\Contract_Intelligence_platform\contact-intelligence-platform\backend\.venv\Lib\site-packages\starlette\middleware\cors.py", line 88, in __call__
    await self.app(scope, receive, send)
  File "C:\Users\Tanishk\Documents\Contract_Intelligence_platform\contact-intelligence-platform\backend\.venv\Lib\site-packages\starlette\middleware\exceptions.py", line 63, in __call__
    await wrap_app_handling_exceptions(self.app, conn)(scope, receive, send)
  File "C:\Users\Tanishk\Documents\Contract_Intelligence_platform\contact-intelligence-platform\backend\.venv\Lib\site-packages\starlette\_exception_handler.py", line 53, in wrapped_app
    raise exc
  File "C:\Users\Tanishk\Documents\Contract_Intelligence_platform\contact-intelligence-platform\backend\.venv\Lib\site-packages\starlette\_exception_handler.py", line 42, in wrapped_app
    await app(scope, receive, sender)
  File "C:\Users\Tanishk\Documents\Contract_Intelligence_platform\contact-intelligence-platform\backend\.venv\Lib\site-packages\fastapi\middleware\asyncexitstack.py", line 18, in __call__
    await self.app(scope, receive, send)
  File "C:\Users\Tanishk\Documents\Contract_Intelligence_platform\contact-intelligence-platform\backend\.venv\Lib\site-packages\starlette\routing.py", line 660, in __call__
    await self.middleware_stack(scope, receive, send)
  File "C:\Users\Tanishk\Documents\Contract_Intelligence_platform\contact-intelligence-platform\backend\.venv\Lib\site-packages\starlette\routing.py", line 680, in app
    await route.handle(scope, receive, send)
  File "C:\Users\Tanishk\Documents\Contract_Intelligence_platform\contact-intelligence-platform\backend\.venv\Lib\site-packages\starlette\routing.py", line 276, in handle
    await self.app(scope, receive, send)
  File "C:\Users\Tanishk\Documents\Contract_Intelligence_platform\contact-intelligence-platform\backend\.venv\Lib\site-packages\fastapi\routing.py", line 134, in app
    await wrap_app_handling_exceptions(app, request)(scope, receive, send)
  File "C:\Users\Tanishk\Documents\Contract_Intelligence_platform\contact-intelligence-platform\backend\.venv\Lib\site-packages\starlette\_exception_handler.py", line 53, in wrapped_app
    raise exc
  File "C:\Users\Tanishk\Documents\Contract_Intelligence_platform\contact-intelligence-platform\backend\.venv\Lib\site-packages\starlette\_exception_handler.py", line 42, in wrapped_app
    await app(scope, receive, sender)
  File "C:\Users\Tanishk\Documents\Contract_Intelligence_platform\contact-intelligence-platform\backend\.venv\Lib\site-packages\fastapi\routing.py", line 120, in app
    response = await f(request)
               ^^^^^^^^^^^^^^^^
  File "C:\Users\Tanishk\Documents\Contract_Intelligence_platform\contact-intelligence-platform\backend\.venv\Lib\site-packages\fastapi\routing.py", line 674, in app
    raw_response = await run_endpoint_function(
                   ^^^^^^^^^^^^^^^^^^^^^^^^^^^^
  File "C:\Users\Tanishk\Documents\Contract_Intelligence_platform\contact-intelligence-platform\backend\.venv\Lib\site-packages\fastapi\routing.py", line 328, in run_endpoint_function
    return await dependant.call(**values)
           ^^^^^^^^^^^^^^^^^^^^^^^^^^^^^^
  File "C:\Users\Tanishk\Documents\Contract_Intelligence_platform\contact-intelligence-platform\backend\app\api\v1\endpoints\billing.py", line 56, in create_checkout_session
    url = await stripe_client.create_checkout_session(
          ^^^^^^^^^^^^^^^^^^^^^^^^^^^^^^^^^^^^^^^^^^^^
  File "C:\Users\Tanishk\Documents\Contract_Intelligence_platform\contact-intelligence-platform\backend\app\integrations\stripe_client.py", line 30, in create_checkout_session
    session = stripe.checkout.Session.create(
              ^^^^^^^^^^^^^^^^^^^^^^^^^^^^^^^
  File "C:\Users\Tanishk\Documents\Contract_Intelligence_platform\contact-intelligence-platform\backend\.venv\Lib\site-packages\stripe\checkout\_session.py", line 2573, in create
    cls._static_request(
  File "C:\Users\Tanishk\Documents\Contract_Intelligence_platform\contact-intelligence-platform\backend\.venv\Lib\site-packages\stripe\_api_resource.py", line 171, in _static_request
    return _APIRequestor._global_instance().request(
           ^^^^^^^^^^^^^^^^^^^^^^^^^^^^^^^^^^^^^^^^^
  File "C:\Users\Tanishk\Documents\Contract_Intelligence_platform\contact-intelligence-platform\backend\.venv\Lib\site-packages\stripe\_api_requestor.py", line 212, in request
    resp = requestor._interpret_response(rbody, rcode, rheaders, api_mode)
           ^^^^^^^^^^^^^^^^^^^^^^^^^^^^^^^^^^^^^^^^^^^^^^^^^^^^^^^^^^^^^^^
  File "C:\Users\Tanishk\Documents\Contract_Intelligence_platform\contact-intelligence-platform\backend\.venv\Lib\site-packages\stripe\_api_requestor.py", line 901, in _interpret_response
    self.handle_error_response(
  File "C:\Users\Tanishk\Documents\Contract_Intelligence_platform\contact-intelligence-platform\backend\.venv\Lib\site-packages\stripe\_api_requestor.py", line 353, in handle_error_response
    raise err
stripe._error.AuthenticationError: Invalid API Key provided: sk_test_*******lder
ERROR:    Exception in ASGI application
  + Exception Group Traceback (most recent call last):
  |   File "C:\Users\Tanishk\Documents\Contract_Intelligence_platform\contact-intelligence-platform\backend\.venv\Lib\site-packages\starlette\_utils.py", line 81, in collapse_excgroups
  |     yield
  |   File "C:\Users\Tanishk\Documents\Contract_Intelligence_platform\contact-intelligence-platform\backend\.venv\Lib\site-packages\starlette\middleware\base.py", line 192, in __call__
  |     async with anyio.create_task_group() as task_group:
  |   File "C:\Users\Tanishk\Documents\Contract_Intelligence_platform\contact-intelligence-platform\backend\.venv\Lib\site-packages\anyio\_backends\_asyncio.py", line 799, in __aexit__
  |     raise BaseExceptionGroup(
  | ExceptionGroup: unhandled errors in a TaskGroup (1 sub-exception)
  +-+---------------- 1 ----------------
    | Traceback (most recent call last):
    |   File "C:\Users\Tanishk\Documents\Contract_Intelligence_platform\contact-intelligence-platform\backend\.venv\Lib\site-packages\uvicorn\protocols\http\httptools_impl.py", line 421, in run_asgi
    |     result = await app(  # type: ignore[func-returns-value]
    |              ^^^^^^^^^^^^^^^^^^^^^^^^^^^^^^^^^^^^^^^^^^^^^^
    |   File "C:\Users\Tanishk\Documents\Contract_Intelligence_platform\contact-intelligence-platform\backend\.venv\Lib\site-packages\uvicorn\middleware\proxy_headers.py", line 56, in __call__
    |     return await self.app(scope, receive, send)
    |            ^^^^^^^^^^^^^^^^^^^^^^^^^^^^^^^^^^^^
    |   File "C:\Users\Tanishk\Documents\Contract_Intelligence_platform\contact-intelligence-platform\backend\.venv\Lib\site-packages\fastapi\applications.py", line 1159, in __call__
    |     await super().__call__(scope, receive, send)
    |   File "C:\Users\Tanishk\Documents\Contract_Intelligence_platform\contact-intelligence-platform\backend\.venv\Lib\site-packages\starlette\applications.py", line 90, in __call__
    |     await self.middleware_stack(scope, receive, send)
    |   File "C:\Users\Tanishk\Documents\Contract_Intelligence_platform\contact-intelligence-platform\backend\.venv\Lib\site-packages\starlette\middleware\errors.py", line 186, in __call__
    |     raise exc
    |   File "C:\Users\Tanishk\Documents\Contract_Intelligence_platform\contact-intelligence-platform\backend\.venv\Lib\site-packages\starlette\middleware\errors.py", line 164, in __call__
    |     await self.app(scope, receive, _send)
    |   File "C:\Users\Tanishk\Documents\Contract_Intelligence_platform\contact-intelligence-platform\backend\.venv\Lib\site-packages\starlette\middleware\base.py", line 191, in __call__
    |     with recv_stream, send_stream, collapse_excgroups():
    |   File "C:\Users\Tanishk\AppData\Local\Programs\Python\Python311\Lib\contextlib.py", line 158, in __exit__
    |     self.gen.throw(typ, value, traceback)
    |   File "C:\Users\Tanishk\Documents\Contract_Intelligence_platform\contact-intelligence-platform\backend\.venv\Lib\site-packages\starlette\_utils.py", line 87, in collapse_excgroups
    |     raise exc
    |   File "C:\Users\Tanishk\Documents\Contract_Intelligence_platform\contact-intelligence-platform\backend\.venv\Lib\site-packages\starlette\middleware\base.py", line 193, in __call__
    |     response = await self.dispatch_func(request, call_next)
    |                ^^^^^^^^^^^^^^^^^^^^^^^^^^^^^^^^^^^^^^^^^^^^
    |   File "C:\Users\Tanishk\Documents\Contract_Intelligence_platform\contact-intelligence-platform\backend\app\middleware\tenant.py", line 42, in dispatch
    |     return await call_next(request)
    |            ^^^^^^^^^^^^^^^^^^^^^^^^
    |   File "C:\Users\Tanishk\Documents\Contract_Intelligence_platform\contact-intelligence-platform\backend\.venv\Lib\site-packages\starlette\middleware\base.py", line 168, in call_next
    |     raise app_exc from app_exc.__cause__ or app_exc.__context__
    |   File "C:\Users\Tanishk\Documents\Contract_Intelligence_platform\contact-intelligence-platform\backend\.venv\Lib\site-packages\starlette\middleware\base.py", line 144, in coro
    |     await self.app(scope, receive_or_disconnect, send_no_error)
    |   File "C:\Users\Tanishk\Documents\Contract_Intelligence_platform\contact-intelligence-platform\backend\.venv\Lib\site-packages\starlette\middleware\base.py", line 191, in __call__
    |     with recv_stream, send_stream, collapse_excgroups():
    |   File "C:\Users\Tanishk\AppData\Local\Programs\Python\Python311\Lib\contextlib.py", line 158, in __exit__
    |     self.gen.throw(typ, value, traceback)
    |   File "C:\Users\Tanishk\Documents\Contract_Intelligence_platform\contact-intelligence-platform\backend\.venv\Lib\site-packages\starlette\_utils.py", line 87, in collapse_excgroups
    |     raise exc
    |   File "C:\Users\Tanishk\Documents\Contract_Intelligence_platform\contact-intelligence-platform\backend\.venv\Lib\site-packages\starlette\middleware\base.py", line 193, in __call__
    |     response = await self.dispatch_func(request, call_next)
    |                ^^^^^^^^^^^^^^^^^^^^^^^^^^^^^^^^^^^^^^^^^^^^
    |   File "C:\Users\Tanishk\Documents\Contract_Intelligence_platform\contact-intelligence-platform\backend\app\middleware\quota.py", line 27, in dispatch
    |     return await call_next(request)
    |            ^^^^^^^^^^^^^^^^^^^^^^^^
    |   File "C:\Users\Tanishk\Documents\Contract_Intelligence_platform\contact-intelligence-platform\backend\.venv\Lib\site-packages\starlette\middleware\base.py", line 168, in call_next
    |     raise app_exc from app_exc.__cause__ or app_exc.__context__
    |   File "C:\Users\Tanishk\Documents\Contract_Intelligence_platform\contact-intelligence-platform\backend\.venv\Lib\site-packages\starlette\middleware\base.py", line 144, in coro
    |     await self.app(scope, receive_or_disconnect, send_no_error)
    |   File "C:\Users\Tanishk\Documents\Contract_Intelligence_platform\contact-intelligence-platform\backend\.venv\Lib\site-packages\starlette\middleware\base.py", line 191, in __call__
    |     with recv_stream, send_stream, collapse_excgroups():
    |   File "C:\Users\Tanishk\AppData\Local\Programs\Python\Python311\Lib\contextlib.py", line 158, in __exit__
    |     self.gen.throw(typ, value, traceback)
    |   File "C:\Users\Tanishk\Documents\Contract_Intelligence_platform\contact-intelligence-platform\backend\.venv\Lib\site-packages\starlette\_utils.py", line 87, in collapse_excgroups
    |     raise exc
    |   File "C:\Users\Tanishk\Documents\Contract_Intelligence_platform\contact-intelligence-platform\backend\.venv\Lib\site-packages\starlette\middleware\base.py", line 193, in __call__
    |     response = await self.dispatch_func(request, call_next)
    |                ^^^^^^^^^^^^^^^^^^^^^^^^^^^^^^^^^^^^^^^^^^^^
    |   File "C:\Users\Tanishk\Documents\Contract_Intelligence_platform\contact-intelligence-platform\backend\app\middleware\audit.py", line 17, in dispatch
    |     response = await call_next(request)
    |                ^^^^^^^^^^^^^^^^^^^^^^^^
    |   File "C:\Users\Tanishk\Documents\Contract_Intelligence_platform\contact-intelligence-platform\backend\.venv\Lib\site-packages\starlette\middleware\base.py", line 168, in call_next
    |     raise app_exc from app_exc.__cause__ or app_exc.__context__
    |   File "C:\Users\Tanishk\Documents\Contract_Intelligence_platform\contact-intelligence-platform\backend\.venv\Lib\site-packages\starlette\middleware\base.py", line 144, in coro
    |     await self.app(scope, receive_or_disconnect, send_no_error)
    |   File "C:\Users\Tanishk\Documents\Contract_Intelligence_platform\contact-intelligence-platform\backend\.venv\Lib\site-packages\starlette\middleware\cors.py", line 88, in __call__
    |     await self.app(scope, receive, send)
    |   File "C:\Users\Tanishk\Documents\Contract_Intelligence_platform\contact-intelligence-platform\backend\.venv\Lib\site-packages\starlette\middleware\exceptions.py", line 63, in __call__
    |     await wrap_app_handling_exceptions(self.app, conn)(scope, receive, send)
    |   File "C:\Users\Tanishk\Documents\Contract_Intelligence_platform\contact-intelligence-platform\backend\.venv\Lib\site-packages\starlette\_exception_handler.py", line 53, in wrapped_app
    |     raise exc
    |   File "C:\Users\Tanishk\Documents\Contract_Intelligence_platform\contact-intelligence-platform\backend\.venv\Lib\site-packages\starlette\_exception_handler.py", line 42, in wrapped_app
    |     await app(scope, receive, sender)
    |   File "C:\Users\Tanishk\Documents\Contract_Intelligence_platform\contact-intelligence-platform\backend\.venv\Lib\site-packages\fastapi\middleware\asyncexitstack.py", line 18, in __call__
    |     await self.app(scope, receive, send)
    |   File "C:\Users\Tanishk\Documents\Contract_Intelligence_platform\contact-intelligence-platform\backend\.venv\Lib\site-packages\starlette\routing.py", line 660, in __call__
    |     await self.middleware_stack(scope, receive, send)
    |   File "C:\Users\Tanishk\Documents\Contract_Intelligence_platform\contact-intelligence-platform\backend\.venv\Lib\site-packages\starlette\routing.py", line 680, in app
    |     await route.handle(scope, receive, send)
    |   File "C:\Users\Tanishk\Documents\Contract_Intelligence_platform\contact-intelligence-platform\backend\.venv\Lib\site-packages\starlette\routing.py", line 276, in handle
    |     await self.app(scope, receive, send)
    |   File "C:\Users\Tanishk\Documents\Contract_Intelligence_platform\contact-intelligence-platform\backend\.venv\Lib\site-packages\fastapi\routing.py", line 134, in app
    |     await wrap_app_handling_exceptions(app, request)(scope, receive, send)
    |   File "C:\Users\Tanishk\Documents\Contract_Intelligence_platform\contact-intelligence-platform\backend\.venv\Lib\site-packages\starlette\_exception_handler.py", line 53, in wrapped_app
    |     raise exc
    |   File "C:\Users\Tanishk\Documents\Contract_Intelligence_platform\contact-intelligence-platform\backend\.venv\Lib\site-packages\starlette\_exception_handler.py", line 42, in wrapped_app
    |     await app(scope, receive, sender)
    |   File "C:\Users\Tanishk\Documents\Contract_Intelligence_platform\contact-intelligence-platform\backend\.venv\Lib\site-packages\fastapi\routing.py", line 120, in app
    |     response = await f(request)
    |                ^^^^^^^^^^^^^^^^
    |   File "C:\Users\Tanishk\Documents\Contract_Intelligence_platform\contact-intelligence-platform\backend\.venv\Lib\site-packages\fastapi\routing.py", line 674, in app
    |     raw_response = await run_endpoint_function(
    |                    ^^^^^^^^^^^^^^^^^^^^^^^^^^^^
    |   File "C:\Users\Tanishk\Documents\Contract_Intelligence_platform\contact-intelligence-platform\backend\.venv\Lib\site-packages\fastapi\routing.py", line 328, in run_endpoint_function
    |     return await dependant.call(**values)
    |            ^^^^^^^^^^^^^^^^^^^^^^^^^^^^^^
    |   File "C:\Users\Tanishk\Documents\Contract_Intelligence_platform\contact-intelligence-platform\backend\app\api\v1\endpoints\billing.py", line 56, in create_checkout_session
    |     url = await stripe_client.create_checkout_session(
    |           ^^^^^^^^^^^^^^^^^^^^^^^^^^^^^^^^^^^^^^^^^^^^
    |   File "C:\Users\Tanishk\Documents\Contract_Intelligence_platform\contact-intelligence-platform\backend\app\integrations\stripe_client.py", line 30, in create_checkout_session
    |     session = stripe.checkout.Session.create(
    |               ^^^^^^^^^^^^^^^^^^^^^^^^^^^^^^^
    |   File "C:\Users\Tanishk\Documents\Contract_Intelligence_platform\contact-intelligence-platform\backend\.venv\Lib\site-packages\stripe\checkout\_session.py", line 2573, in create
    |     cls._static_request(
    |   File "C:\Users\Tanishk\Documents\Contract_Intelligence_platform\contact-intelligence-platform\backend\.venv\Lib\site-packages\stripe\_api_resource.py", line 171, in _static_request
    |     return _APIRequestor._global_instance().request(
    |            ^^^^^^^^^^^^^^^^^^^^^^^^^^^^^^^^^^^^^^^^^
    |   File "C:\Users\Tanishk\Documents\Contract_Intelligence_platform\contact-intelligence-platform\backend\.venv\Lib\site-packages\stripe\_api_requestor.py", line 212, in request
    |     resp = requestor._interpret_response(rbody, rcode, rheaders, api_mode)
    |            ^^^^^^^^^^^^^^^^^^^^^^^^^^^^^^^^^^^^^^^^^^^^^^^^^^^^^^^^^^^^^^^
    |   File "C:\Users\Tanishk\Documents\Contract_Intelligence_platform\contact-intelligence-platform\backend\.venv\Lib\site-packages\stripe\_api_requestor.py", line 901, in _interpret_response
    |     self.handle_error_response(
    |   File "C:\Users\Tanishk\Documents\Contract_Intelligence_platform\contact-intelligence-platform\backend\.venv\Lib\site-packages\stripe\_api_requestor.py", line 353, in handle_error_response
    |     raise err
    | stripe._error.AuthenticationError: Invalid API Key provided: sk_test_*******lder
    +------------------------------------

The above exception was the direct cause of the following exception:

Traceback (most recent call last):
  File "C:\Users\Tanishk\Documents\Contract_Intelligence_platform\contact-intelligence-platform\backend\.venv\Lib\site-packages\uvicorn\protocols\http\httptools_impl.py", line 421, in run_asgi
    result = await app(  # type: ignore[func-returns-value]
             ^^^^^^^^^^^^^^^^^^^^^^^^^^^^^^^^^^^^^^^^^^^^^^
  File "C:\Users\Tanishk\Documents\Contract_Intelligence_platform\contact-intelligence-platform\backend\.venv\Lib\site-packages\uvicorn\middleware\proxy_headers.py", line 56, in __call__
    return await self.app(scope, receive, send)
           ^^^^^^^^^^^^^^^^^^^^^^^^^^^^^^^^^^^^
  File "C:\Users\Tanishk\Documents\Contract_Intelligence_platform\contact-intelligence-platform\backend\.venv\Lib\site-packages\fastapi\applications.py", line 1159, in __call__
    await super().__call__(scope, receive, send)
  File "C:\Users\Tanishk\Documents\Contract_Intelligence_platform\contact-intelligence-platform\backend\.venv\Lib\site-packages\starlette\applications.py", line 90, in __call__
    await self.middleware_stack(scope, receive, send)
  File "C:\Users\Tanishk\Documents\Contract_Intelligence_platform\contact-intelligence-platform\backend\.venv\Lib\site-packages\starlette\middleware\errors.py", line 186, in __call__
    raise exc
  File "C:\Users\Tanishk\Documents\Contract_Intelligence_platform\contact-intelligence-platform\backend\.venv\Lib\site-packages\starlette\middleware\errors.py", line 164, in __call__
    await self.app(scope, receive, _send)
  File "C:\Users\Tanishk\Documents\Contract_Intelligence_platform\contact-intelligence-platform\backend\.venv\Lib\site-packages\starlette\middleware\base.py", line 191, in __call__
    with recv_stream, send_stream, collapse_excgroups():
  File "C:\Users\Tanishk\AppData\Local\Programs\Python\Python311\Lib\contextlib.py", line 158, in __exit__
    self.gen.throw(typ, value, traceback)
  File "C:\Users\Tanishk\Documents\Contract_Intelligence_platform\contact-intelligence-platform\backend\.venv\Lib\site-packages\starlette\_utils.py", line 87, in collapse_excgroups
    raise exc
  File "C:\Users\Tanishk\Documents\Contract_Intelligence_platform\contact-intelligence-platform\backend\.venv\Lib\site-packages\starlette\middleware\base.py", line 193, in __call__
    response = await self.dispatch_func(request, call_next)
               ^^^^^^^^^^^^^^^^^^^^^^^^^^^^^^^^^^^^^^^^^^^^
  File "C:\Users\Tanishk\Documents\Contract_Intelligence_platform\contact-intelligence-platform\backend\app\middleware\tenant.py", line 42, in dispatch
    return await call_next(request)
           ^^^^^^^^^^^^^^^^^^^^^^^^
  File "C:\Users\Tanishk\Documents\Contract_Intelligence_platform\contact-intelligence-platform\backend\.venv\Lib\site-packages\starlette\middleware\base.py", line 168, in call_next
    raise app_exc from app_exc.__cause__ or app_exc.__context__
  File "C:\Users\Tanishk\Documents\Contract_Intelligence_platform\contact-intelligence-platform\backend\.venv\Lib\site-packages\starlette\middleware\base.py", line 144, in coro
    await self.app(scope, receive_or_disconnect, send_no_error)
  File "C:\Users\Tanishk\Documents\Contract_Intelligence_platform\contact-intelligence-platform\backend\.venv\Lib\site-packages\starlette\middleware\base.py", line 191, in __call__
    with recv_stream, send_stream, collapse_excgroups():
  File "C:\Users\Tanishk\AppData\Local\Programs\Python\Python311\Lib\contextlib.py", line 158, in __exit__
    self.gen.throw(typ, value, traceback)
  File "C:\Users\Tanishk\Documents\Contract_Intelligence_platform\contact-intelligence-platform\backend\.venv\Lib\site-packages\starlette\_utils.py", line 87, in collapse_excgroups
    raise exc
  File "C:\Users\Tanishk\Documents\Contract_Intelligence_platform\contact-intelligence-platform\backend\.venv\Lib\site-packages\starlette\middleware\base.py", line 193, in __call__
    response = await self.dispatch_func(request, call_next)
               ^^^^^^^^^^^^^^^^^^^^^^^^^^^^^^^^^^^^^^^^^^^^
  File "C:\Users\Tanishk\Documents\Contract_Intelligence_platform\contact-intelligence-platform\backend\app\middleware\quota.py", line 27, in dispatch
    return await call_next(request)
           ^^^^^^^^^^^^^^^^^^^^^^^^
  File "C:\Users\Tanishk\Documents\Contract_Intelligence_platform\contact-intelligence-platform\backend\.venv\Lib\site-packages\starlette\middleware\base.py", line 168, in call_next
    raise app_exc from app_exc.__cause__ or app_exc.__context__
  File "C:\Users\Tanishk\Documents\Contract_Intelligence_platform\contact-intelligence-platform\backend\.venv\Lib\site-packages\starlette\middleware\base.py", line 144, in coro
    await self.app(scope, receive_or_disconnect, send_no_error)
  File "C:\Users\Tanishk\Documents\Contract_Intelligence_platform\contact-intelligence-platform\backend\.venv\Lib\site-packages\starlette\middleware\base.py", line 191, in __call__
    with recv_stream, send_stream, collapse_excgroups():
  File "C:\Users\Tanishk\AppData\Local\Programs\Python\Python311\Lib\contextlib.py", line 158, in __exit__
    self.gen.throw(typ, value, traceback)
  File "C:\Users\Tanishk\Documents\Contract_Intelligence_platform\contact-intelligence-platform\backend\.venv\Lib\site-packages\starlette\_utils.py", line 87, in collapse_excgroups
    raise exc
  File "C:\Users\Tanishk\Documents\Contract_Intelligence_platform\contact-intelligence-platform\backend\.venv\Lib\site-packages\starlette\middleware\base.py", line 193, in __call__
    response = await self.dispatch_func(request, call_next)
               ^^^^^^^^^^^^^^^^^^^^^^^^^^^^^^^^^^^^^^^^^^^^
  File "C:\Users\Tanishk\Documents\Contract_Intelligence_platform\contact-intelligence-platform\backend\app\middleware\audit.py", line 17, in dispatch
    response = await call_next(request)
               ^^^^^^^^^^^^^^^^^^^^^^^^
  File "C:\Users\Tanishk\Documents\Contract_Intelligence_platform\contact-intelligence-platform\backend\.venv\Lib\site-packages\starlette\middleware\base.py", line 168, in call_next
    raise app_exc from app_exc.__cause__ or app_exc.__context__
  File "C:\Users\Tanishk\Documents\Contract_Intelligence_platform\contact-intelligence-platform\backend\.venv\Lib\site-packages\starlette\middleware\base.py", line 144, in coro
    await self.app(scope, receive_or_disconnect, send_no_error)
  File "C:\Users\Tanishk\Documents\Contract_Intelligence_platform\contact-intelligence-platform\backend\.venv\Lib\site-packages\starlette\middleware\cors.py", line 88, in __call__
    await self.app(scope, receive, send)
  File "C:\Users\Tanishk\Documents\Contract_Intelligence_platform\contact-intelligence-platform\backend\.venv\Lib\site-packages\starlette\middleware\exceptions.py", line 63, in __call__
    await wrap_app_handling_exceptions(self.app, conn)(scope, receive, send)
  File "C:\Users\Tanishk\Documents\Contract_Intelligence_platform\contact-intelligence-platform\backend\.venv\Lib\site-packages\starlette\_exception_handler.py", line 53, in wrapped_app
    raise exc
  File "C:\Users\Tanishk\Documents\Contract_Intelligence_platform\contact-intelligence-platform\backend\.venv\Lib\site-packages\starlette\_exception_handler.py", line 42, in wrapped_app
    await app(scope, receive, sender)
  File "C:\Users\Tanishk\Documents\Contract_Intelligence_platform\contact-intelligence-platform\backend\.venv\Lib\site-packages\fastapi\middleware\asyncexitstack.py", line 18, in __call__
    await self.app(scope, receive, send)
  File "C:\Users\Tanishk\Documents\Contract_Intelligence_platform\contact-intelligence-platform\backend\.venv\Lib\site-packages\starlette\routing.py", line 660, in __call__
    await self.middleware_stack(scope, receive, send)
  File "C:\Users\Tanishk\Documents\Contract_Intelligence_platform\contact-intelligence-platform\backend\.venv\Lib\site-packages\starlette\routing.py", line 680, in app
    await route.handle(scope, receive, send)
  File "C:\Users\Tanishk\Documents\Contract_Intelligence_platform\contact-intelligence-platform\backend\.venv\Lib\site-packages\starlette\routing.py", line 276, in handle
    await self.app(scope, receive, send)
  File "C:\Users\Tanishk\Documents\Contract_Intelligence_platform\contact-intelligence-platform\backend\.venv\Lib\site-packages\fastapi\routing.py", line 134, in app
    await wrap_app_handling_exceptions(app, request)(scope, receive, send)
  File "C:\Users\Tanishk\Documents\Contract_Intelligence_platform\contact-intelligence-platform\backend\.venv\Lib\site-packages\starlette\_exception_handler.py", line 53, in wrapped_app
    raise exc
  File "C:\Users\Tanishk\Documents\Contract_Intelligence_platform\contact-intelligence-platform\backend\.venv\Lib\site-packages\starlette\_exception_handler.py", line 42, in wrapped_app
    await app(scope, receive, sender)
  File "C:\Users\Tanishk\Documents\Contract_Intelligence_platform\contact-intelligence-platform\backend\.venv\Lib\site-packages\fastapi\routing.py", line 120, in app
    response = await f(request)
               ^^^^^^^^^^^^^^^^
  File "C:\Users\Tanishk\Documents\Contract_Intelligence_platform\contact-intelligence-platform\backend\.venv\Lib\site-packages\fastapi\routing.py", line 674, in app
    raw_response = await run_endpoint_function(
                   ^^^^^^^^^^^^^^^^^^^^^^^^^^^^
  File "C:\Users\Tanishk\Documents\Contract_Intelligence_platform\contact-intelligence-platform\backend\.venv\Lib\site-packages\fastapi\routing.py", line 328, in run_endpoint_function
    return await dependant.call(**values)
           ^^^^^^^^^^^^^^^^^^^^^^^^^^^^^^
  File "C:\Users\Tanishk\Documents\Contract_Intelligence_platform\contact-intelligence-platform\backend\app\api\v1\endpoints\billing.py", line 56, in create_checkout_session
    url = await stripe_client.create_checkout_session(
          ^^^^^^^^^^^^^^^^^^^^^^^^^^^^^^^^^^^^^^^^^^^^
  File "C:\Users\Tanishk\Documents\Contract_Intelligence_platform\contact-intelligence-platform\backend\app\integrations\stripe_client.py", line 30, in create_checkout_session
    session = stripe.checkout.Session.create(
              ^^^^^^^^^^^^^^^^^^^^^^^^^^^^^^^
  File "C:\Users\Tanishk\Documents\Contract_Intelligence_platform\contact-intelligence-platform\backend\.venv\Lib\site-packages\stripe\checkout\_session.py", line 2573, in create
    cls._static_request(
  File "C:\Users\Tanishk\Documents\Contract_Intelligence_platform\contact-intelligence-platform\backend\.venv\Lib\site-packages\stripe\_api_resource.py", line 171, in _static_request
    return _APIRequestor._global_instance().request(
           ^^^^^^^^^^^^^^^^^^^^^^^^^^^^^^^^^^^^^^^^^
  File "C:\Users\Tanishk\Documents\Contract_Intelligence_platform\contact-intelligence-platform\backend\.venv\Lib\site-packages\stripe\_api_requestor.py", line 212, in request
    resp = requestor._interpret_response(rbody, rcode, rheaders, api_mode)
           ^^^^^^^^^^^^^^^^^^^^^^^^^^^^^^^^^^^^^^^^^^^^^^^^^^^^^^^^^^^^^^^
  File "C:\Users\Tanishk\Documents\Contract_Intelligence_platform\contact-intelligence-platform\backend\.venv\Lib\site-packages\stripe\_api_requestor.py", line 901, in _interpret_response
    self.handle_error_response(
  File "C:\Users\Tanishk\Documents\Contract_Intelligence_platform\contact-intelligence-platform\backend\.venv\Lib\site-packages\stripe\_api_requestor.py", line 353, in handle_error_response
    raise err
stripe._error.AuthenticationError: Invalid API Key provided: sk_test_*******lder
WARNING:  WatchFiles detected changes in 'app\api\v1\endpoints\billing.py'. Reloading...
INFO:     Shutting down
INFO:     Waiting for application shutdown.
INFO:     Application shutdown complete.
INFO:     Finished server process [6480]
INFO:     Started server process [18324]
INFO:     Waiting for application startup.
INFO:     Application startup complete.
